Workbook
Name AA: #REF!
Name AA: #REF!
Name AA: #REF!
Name AA: #REF!
Name AAA: #REF!
Name AAA: #REF!
Name AAA: #REF!
Name AAA: #REF!
Name Fase_07: [2]Medição!#REF!
Name Fase_07: [2]Medição!#REF!
Name Fase_07: [2]Medição!#REF!
Name Fase_07: [2]Medição!#REF!
Name H: #REF!
Name H: #REF!
Name H: #REF!
Name H: #REF!
Name I: #REF!
Name I: #REF!
Name I: #REF!
Name I: #REF!
Name p: #REF!
Name p: #REF!
Name p: #REF!
Name p: #REF!
Name ProteçãoAmbiental: '[2]Medição Completa'!#REF!
Name ProteçãoAmbiental: '[2]Medição Completa'!#REF!
Name ProteçãoAmbiental: '[2]Medição Completa'!#REF!
Name ProteçãoAmbiental: '[2]Medição Completa'!#REF!

Sheet FR-IMOB-55_Rev00
A1: Título: Ensaio de Compactação de Solo Completo
A3: Tipo de Documento: Formulário | H3: Codificação: FR-IMOB-55
A4: Data de Vigência: 16/02/2026 | H4: Versão: 00
A5: Fase: Vigente | H5: Nível: Operacional
A7: COMPACTAÇÃO COMPLETO | K7: Registro | N7: ITEM | AK7: =(N8-1)*7+4 -> 4 | AL7: TRUE | AM7: TRUE | AN7: TRUE | AO7: TRUE | AP7: TRUE | AQ7: TRUE | AS7: TRUE | AT7: =IF(AS7=FALSE,AS8=FALSE) -> FALSE | AU7: FALSE | BD7: =MIN($AL13:$AQ13) -> 0.023450524 | BE7: =BD7 -> 0.023450524 | BF7: =BE7+$BC$8 -> 0.024062061 | BG7: =BF7+$BC$8 -> 0.024673598 | BH7: =BG7+$BC$8 -> 0.025285135 | BI7: =BH7+$BC$8 -> 0.025896672 | BJ7: =BI7+$BC$8 -> 0.026508208 | BK7: =BJ7+$BC$8 -> 0.027119745 | BL7: =BK7+$BC$8 -> 0.027731282 | BM7: =BL7+$BC$8 -> 0.028342819 | ... EZ7: =EY7+$BC$8 -> 0.083992668
L8: =IF(OR($N$8="",$N$8=0),"",IF(INDIRECT(ADDRESS(($AK8),COLUMN()-7,,,"Digitar Dados dos Ensaios"))<>"",INDIRECT(ADDRESS(($AK8),COLUMN()-7,,,"Digitar Dados dos Ensaios")),"")) -> 1 | N8: 1 | AK8: =AK7+2 -> 6 | AL8: FALSE | AM8: TRUE | AN8: TRUE | AO8: TRUE | AP8: TRUE | AQ8: TRUE | AS8: FALSE | AU8: TRUE | BC8: =($BD$8-$BD$7)/99 -> 0.0006115368 | BD8: =MAX($AL13:$AQ13) -> 0.083992668 | BE8: =$AT$19*BE7^2+$AV$19*BE7+$AX$19 -> 1859.4322 | BF8: =$AT$19*BF7^2+$AV$19*BF7+$AX$19 -> 1872.1425 | BG8: =$AT$19*BG7^2+$AV$19*BG7+$AX$19 -> 1884.6243 | BH8: =$AT$19*BH7^2+$AV$19*BH7+$AX$19 -> 1896.8775 | BI8: =$AT$19*BI7^2+$AV$19*BI7+$AX$19 -> 1908.9022 | BJ8: =$AT$19*BJ7^2+$AV$19*BJ7+$AX$19 -> 1920.6983 | BK8: =$AT$19*BK7^2+$AV$19*BK7+$AX$19 -> 1932.2659 | BL8: =$AT$19*BL7^2+$AV$19*BL7+$AX$19 -> 1943.6049 | ... EZ8: =$AT$19*EZ7^2+$AV$19*EZ7+$AX$19 -> 2009.0649
K9: Data
AL10: TRUE | AM10: TRUE | AN10: TRUE | AO10: TRUE | AP10: TRUE | AQ10: TRUE | BE10: =($AU$99*BE7^2+$AW$99*BE7+$AY$99) -> #REF! | BF10: =($AU$99*BF7^2+$AW$99*BF7+$AY$99) -> #REF! | BG10: =($AU$99*BG7^2+$AW$99*BG7+$AY$99) -> #REF! | BH10: =($AU$99*BH7^2+$AW$99*BH7+$AY$99) -> #REF! | BI10: =($AU$99*BI7^2+$AW$99*BI7+$AY$99) -> #REF! | BJ10: =($AU$99*BJ7^2+$AW$99*BJ7+$AY$99) -> #REF! | BK10: =($AU$99*BK7^2+$AW$99*BK7+$AY$99) -> #REF! | BL10: =($AU$99*BL7^2+$AW$99*BL7+$AY$99) -> #REF! | ... EZ10: =($AU$99*EZ7^2+$AW$99*EZ7+$AY$99) -> #REF!
A11: Documento de Referência | AK11: =AK7+3 -> 7 | BE11: =$AU$108*BE7^2+$AW$108*BE7+$AY$108 -> #REF! | BF11: =$AU$108*BF7^2+$AW$108*BF7+$AY$108 -> #REF! | BG11: =$AU$108*BG7^2+$AW$108*BG7+$AY$108 -> #REF! | BH11: =$AU$108*BH7^2+$AW$108*BH7+$AY$108 -> #REF! | BI11: =$AU$108*BI7^2+$AW$108*BI7+$AY$108 -> #REF! | BJ11: =$AU$108*BJ7^2+$AW$108*BJ7+$AY$108 -> #REF! | BK11: =$AU$108*BK7^2+$AW$108*BK7+$AY$108 -> #REF! | BL11: =$AU$108*BL7^2+$AW$108*BL7+$AY$108 -> #REF! | ... EZ11: =$AU$108*EZ7^2+$AW$108*EZ7+$AY$108 -> #REF!
A12: DNIT 164 - ME - Solos - Compactação utilizando amostras não trabalhadas
A13: Estaca : | B13: =IF(OR($N$8="",$N$8=0),"",IF(INDIRECT(ADDRESS(($AK13),COLUMN()+1,,,"Digitar Dados dos Ensaios"))<>"",INDIRECT(ADDRESS(($AK13),COLUMN()+1,,,"Digitar Dados dos Ensaios")),"")) | D13: Posição | E13: =IF(OR($N$8="",$N$8=0),"",IF(INDIRECT(ADDRESS(($AK13)+1,COLUMN()-2,,,"Digitar Dados dos Ensaios"))<>"",INDIRECT(ADDRESS(($AK13)+1,COLUMN()-2,,,"Digitar Dados dos Ensaios")),"")) -> - | F13: =IF(OR($N$8="",$N$8=0),"",IF(INDIRECT(ADDRESS(($AK13),COLUMN(),,,"Digitar Dados dos Ensaios"))<>"",INDIRECT(ADDRESS(($AK13),COLUMN(),,,"Digitar Dados dos Ensaios")),"")) -> Marque com X se a Compactação é | G13: Camada : | H13: =IF(OR($N$8="",$N$8=0),"",IF(INDIRECT(ADDRESS(($AK15),COLUMN()-5,,,"Digitar Dados dos Ensaios"))<>"",INDIRECT(ADDRESS(($AK15),COLUMN()-5,,,"Digitar Dados dos Ensaios")),"")) -> AVALIAR | I13: =IF(OR($N$8="",$N$8=0),"",IF(INDIRECT(ADDRESS(($AK13),COLUMN()-2,,,"Digitar Dados dos Ensaios"))<>"",INDIRECT(ADDRESS(($AK13),COLUMN()-2,,,"Digitar Dados dos Ensaios")),"")) -> Simples | J13: =IF(OR($N$8="",$N$8=0),"",IF(INDIRECT(ADDRESS(($AK13),COLUMN()-2,,,"Digitar Dados dos Ensaios"))<>"",INDIRECT(ADDRESS(($AK13),COLUMN()-2,,,"Digitar Dados dos Ensaios")),"")) | K13: =IF(OR($N$8="",$N$8=0),"",IF(INDIRECT(ADDRESS(($AK13),COLUMN()-2,,,"Digitar Dados dos Ensaios"))<>"",INDIRECT(ADDRESS(($AK13),COLUMN()-2,,,"Digitar Dados dos Ensaios")),"")) -> Nº da Cápsula | L13: =IF(OR($N$8="",$N$8=0),"",IF(INDIRECT(ADDRESS(($AK13),COLUMN()-2,,,"Digitar Dados dos Ensaios"))<>"",INDIRECT(ADDRESS(($AK13),COLUMN()-2,,,"Digitar Dados dos Ensaios")),"")) | AK13: =AK7+2 -> 6 | AL13: =IF(AL14="","",IF($AS$7=TRUE,D26,IF($AS8=TRUE,D25,""))) -> 0.023450524 | AM13: =IF(AM14="","",IF($AS$7=TRUE,E26,IF($AS8=TRUE,E25,""))) -> 0.03858606 | AN13: =IF(AN14="","",IF($AS$7=TRUE,F26,IF($AS8=TRUE,F25,""))) -> 0.053721596 | AO13: =IF(AO14="","",IF($AS$7=TRUE,G26,IF($AS8=TRUE,G25,""))) -> 0.068857132 | AP13: =IF(AP14="","",IF($AS$7=TRUE,H26,IF($AS8=TRUE,H25,""))) -> 0.083992668 | AQ13: =IF(AQ14="","",IF($AS$7=TRUE,I26,IF($AS8=TRUE,I25,""))) | AR13: =AVERAGE(AL13:AQ13) -> 0.053721596 | AS13: =IF(ISNUMBER(AL16),AL16^2,"") -> 0.00091633779 | AT13: =IF(ISNUMBER(AM16),AM16^2,"") -> 0.00022908445 | AU13: =IF(ISNUMBER(AN16),AN16^2,"") -> 0 | AV13: =IF(ISNUMBER(AO16),AO16^2,"") -> 0.00022908445 | AW13: =IF(ISNUMBER(AP16),AP16^2,"") -> 0.00091633779 | AX13: =IF(ISNUMBER(AQ16),AQ16^2,"") | AY13: =SUM(AS13:AX13) -> 0.0022908445 | AZ13: x= | BA13: =-AV19/(2*AT19) -> 0.057765822
A14: Próctor: | B14: =IF(OR($N$8="",$N$8=0),"",IF(INDIRECT(ADDRESS(($AK$14-1),COLUMN()+1,,,"Digitar Dados dos Ensaios"))<>"",INDIRECT(ADDRESS(($AK$14-1),COLUMN()+1,,,"Digitar Dados dos Ensaios")),"")) -> MODIFICADO | C14: =IF(OR($M$8="",$M$8=0),"",IF(INDIRECT(ADDRESS(($M$8-1)*4+4,COLUMN(),,,"Digitar Dados dos Ensaios"))<>"",INDIRECT(ADDRESS(($M$8-1)*4+4,COLUMN(),,,"Digitar Dados dos Ensaios")),"")) | D14: Golpes: | E14: =IF(OR($N$8="",$N$8=0),"",IF(INDIRECT(ADDRESS(($AK14),COLUMN()-2,,,"Digitar Dados dos Ensaios"))<>"",INDIRECT(ADDRESS(($AK14),COLUMN()-2,,,"Digitar Dados dos Ensaios")),"")) -> 55 | F14: =IF(OR($N$8="",$N$8=0),"",IF(INDIRECT(ADDRESS(($AK14),COLUMN(),,,"Digitar Dados dos Ensaios"))<>"",INDIRECT(ADDRESS(($AK14),COLUMN(),,,"Digitar Dados dos Ensaios")),"")) | G14: Rodovia: | H14: ='Digitar Dados dos Ensaios'!A1 -> BR -163 | I14: =IF(OR($N$8="",$N$8=0),"",IF(INDIRECT(ADDRESS(($AK14),COLUMN()-2,,,"Digitar Dados dos Ensaios"))<>"",INDIRECT(ADDRESS(($AK14),COLUMN()-2,,,"Digitar Dados dos Ensaios")),"")) -> Pela Higroscópica | J14: =IF(OR($N$8="",$N$8=0),"",IF(INDIRECT(ADDRESS(($AK14),COLUMN()-2,,,"Digitar Dados dos Ensaios"))<>"",INDIRECT(ADDRESS(($AK14),COLUMN()-2,,,"Digitar Dados dos Ensaios")),"")) -> X | K14: =IF(OR($N$8="",$N$8=0),"",IF(INDIRECT(ADDRESS(($AK14),COLUMN()-2,,,"Digitar Dados dos Ensaios"))<>"",INDIRECT(ADDRESS(($AK14),COLUMN()-2,,,"Digitar Dados dos Ensaios")),"")) -> Peso Bruto | L14: =IF(OR($N$8="",$N$8=0),"",IF(INDIRECT(ADDRESS(($AK14),COLUMN()-2,,,"Digitar Dados dos Ensaios"))<>"",INDIRECT(ADDRESS(($AK14),COLUMN()-2,,,"Digitar Dados dos Ensaios")),"")) -> 9575 | AK14: =AK13+5 -> 11 | AL14: =IF(AL$7=TRUE,D36,"") -> 1898.3267 | AM14: =IF(AM$7=TRUE,E36,"") -> 2018.6054 | AN14: =IF(AN$7=TRUE,F36,"") -> 2245.5883 | AO14: =IF(AO$7=TRUE,G36,"") -> 2228.107 | AP14: =IF(AP$7=TRUE,H36,"") -> 1980.6168 | AQ14: =IF(AQ$7=TRUE,I36,"") | AR14: =AVERAGE(AL14:AQ14) -> 2074.2488 | AS14: =IF(ISNUMBER(AL18),AL18^2,"") -> 7.8078426e-06 | AT14: =IF(ISNUMBER(AM18),AM18^2,"") -> 3.4421186e-06 | AU14: =IF(ISNUMBER(AN18),AN18^2,"") -> 2.0991874e-07 | AV14: =IF(ISNUMBER(AO18),AO18^2,"") -> 1.9519606e-06 | AW14: =IF(ISNUMBER(AP18),AP18^2,"") -> 1.3768474e-05 | AX14: =IF(ISNUMBER(AQ18),AQ18^2,"") | AY14: =SUM(AS14:AX14) -> 2.7180315e-05 | AZ14: y= | BA14: =AT19*BA13^2+AV19*BA13+AX19 -> 2219.2469
A15: Trecho: | B15: ='Digitar Dados dos Ensaios'!A2 -> Nova Mutum- MT | AK15: =AK7+4 -> 8 | AL15: =IF(ISNUMBER(AL13),AL13^2,"") -> 0.00054992709 | AM15: =IF(ISNUMBER(AM13),AM13^2,"") -> 0.001488884 | AN15: =IF(ISNUMBER(AN13),AN13^2,"") -> 0.0028860099 | AO15: =IF(ISNUMBER(AO13),AO13^2,"") -> 0.0047413046 | AP15: =IF(ISNUMBER(AP13),AP13^2,"") -> 0.0070547683 | AQ15: =IF(ISNUMBER(AQ13),AQ13^2,"") | AR15: =AVERAGE(AL15:AQ15) -> 0.0033441788 | AS15: =IF(ISERROR(AL17*AL17),"",AL16*AL17) -> 5.3253522 | AT15: =IF(ISERROR(AM17*AM17),"",AM16*AM17) -> 0.84219282 | AU15: =IF(ISERROR(AN17*AN17),"",AN16*AN17) -> 0 | AV15: =IF(ISERROR(AO17*AO17),"",AO16*AO17) -> 2.3287259 | AW15: =IF(ISERROR(AP17*AP17),"",AP16*AP17) -> -2.8343423 | AX15: =IF(ISERROR(AQ17*AQ17),"",AQ16*AQ17) | AY15: =SUM(AS15:AX15) -> 5.6619286
A16: Sub-Trecho: | B16: ='Digitar Dados dos Ensaios'!A3 -> 0 | AK16: =AK15+1 -> 9 | AL16: =IF(ISNUMBER(AL13),AL13-$AR13,"") -> -0.030271072 | AM16: =IF(ISNUMBER(AM13),AM13-$AR13,"") -> -0.015135536 | AN16: =IF(ISNUMBER(AN13),AN13-$AR13,"") -> 0 | AO16: =IF(ISNUMBER(AO13),AO13-$AR13,"") -> 0.015135536 | AP16: =IF(ISNUMBER(AP13),AP13-$AR13,"") -> 0.030271072 | AQ16: =IF(ISNUMBER(AQ13),AQ13-$AR13,"") | AS16: =IF(ISERROR(AL17*AL18),"",AL17*AL18) -> 0.49157078 | AT16: =IF(ISERROR(AM17*AM18),"",AM17*AM18) -> 0.10323493 | AU16: =IF(ISERROR(AN17*AN18),"",AN17*AN18) -> -0.0785024 | AV16: =IF(ISERROR(AO17*AO18),"",AO17*AO18) -> 0.21495923 | AW16: =IF(ISERROR(AP17*AP18),"",AP17*AP18) -> -0.34743007 | AX16: =IF(ISERROR(AQ17*AQ18),"",AQ17*AQ18) | AY16: =SUM(AS16:AX16) -> 0.38383246
AL17: =IF(ISNUMBER(AL14),AL14-$AR14,"") -> -175.92215 | AM17: =IF(ISNUMBER(AM14),AM14-$AR14,"") -> -55.643409 | AN17: =IF(ISNUMBER(AN14),AN14-$AR14,"") -> 171.33944 | AO17: =IF(ISNUMBER(AO14),AO14-$AR14,"") -> 153.85817 | AP17: =IF(ISNUMBER(AP14),AP14-$AR14,"") -> -93.632043 | AQ17: =IF(ISNUMBER(AQ14),AQ14-$AR14,"") | AS17: =IF(ISERROR(AL16*AL18),"",AL16*AL18) -> 8.4584994e-05 | AT17: =IF(ISERROR(AM16*AM18),"",AM16*AM18) -> 2.808088e-05 | AU17: =IF(ISERROR(AN16*AN18),"",AN16*AN18) -> 0 | AV17: =IF(ISERROR(AO16*AO18),"",AO16*AO18) -> 2.1146248e-05 | AW17: =IF(ISERROR(AP16*AP18),"",AP16*AP18) -> 0.00011232352 | AX17: =IF(ISERROR(AQ16*AQ18),"",AQ16*AQ18) | AY17: =SUM(AS17:AX17) -> 0.00024613564
A18: Item | C18: Unid. | D18: =IF(OR($N$8="",$N$8=0),"",IF(INDIRECT(ADDRESS(($AK18),COLUMN()+6,,,"Digitar Dados dos Ensaios"))<>"",INDIRECT(ADDRESS(($AK18),COLUMN()+6,,,"Digitar Dados dos Ensaios")),"")) -> 1 | E18: =IF(OR($N$8="",$N$8=0),"",IF(INDIRECT(ADDRESS(($AK18),COLUMN()+6,,,"Digitar Dados dos Ensaios"))<>"",INDIRECT(ADDRESS(($AK18),COLUMN()+6,,,"Digitar Dados dos Ensaios")),"")) -> 2 | F18: =IF(OR($N$8="",$N$8=0),"",IF(INDIRECT(ADDRESS(($AK18),COLUMN()+6,,,"Digitar Dados dos Ensaios"))<>"",INDIRECT(ADDRESS(($AK18),COLUMN()+6,,,"Digitar Dados dos Ensaios")),"")) -> 3 | G18: =IF(OR($N$8="",$N$8=0),"",IF(INDIRECT(ADDRESS(($AK18),COLUMN()+6,,,"Digitar Dados dos Ensaios"))<>"",INDIRECT(ADDRESS(($AK18),COLUMN()+6,,,"Digitar Dados dos Ensaios")),"")) -> 4 | H18: =IF(OR($N$8="",$N$8=0),"",IF(INDIRECT(ADDRESS(($AK18),COLUMN()+6,,,"Digitar Dados dos Ensaios"))<>"",INDIRECT(ADDRESS(($AK18),COLUMN()+6,,,"Digitar Dados dos Ensaios")),"")) -> 5 | I18: =IF(OR($N$8="",$N$8=0),"",IF(INDIRECT(ADDRESS(($AK18),COLUMN()+6,,,"Digitar Dados dos Ensaios"))<>"",INDIRECT(ADDRESS(($AK18),COLUMN()+6,,,"Digitar Dados dos Ensaios")),"")) | J18: =IF(OR($N$8="",$N$8=0),"",IF(INDIRECT(ADDRESS(($AK18),COLUMN()+6,,,"Digitar Dados dos Ensaios"))<>"",INDIRECT(ADDRESS(($AK18),COLUMN()+6,,,"Digitar Dados dos Ensaios")),"")) -> Umidade Higroscópica | K18: Umidade Higroscópica | AK18: =AK7+1 -> 5 | AL18: =IF(ISNUMBER(AL15),AL15-$AR15,"") -> -0.0027942517 | AM18: =IF(ISNUMBER(AM15),AM15-$AR15,"") -> -0.0018552947 | AN18: =IF(ISNUMBER(AN15),AN15-$AR15,"") -> -0.0004581689 | AO18: =IF(ISNUMBER(AO15),AO15-$AR15,"") -> 0.0013971258 | AP18: =IF(ISNUMBER(AP15),AP15-$AR15,"") -> 0.0037105895 | AQ18: =IF(ISNUMBER(AQ15),AQ15-$AR15,"")
A19: Cápsula Nº | C19: - | D19: =IF(OR($N$8="",$N$8=0),"",IF(INDIRECT(ADDRESS(($AK19),COLUMN()+6,,,"Digitar Dados dos Ensaios"))<>"",INDIRECT(ADDRESS(($AK19),COLUMN()+6,,,"Digitar Dados dos Ensaios")),"")) | E19: =IF(OR($N$8="",$N$8=0),"",IF(INDIRECT(ADDRESS(($AK19),COLUMN()+6,,,"Digitar Dados dos Ensaios"))<>"",INDIRECT(ADDRESS(($AK19),COLUMN()+6,,,"Digitar Dados dos Ensaios")),"")) | F19: =IF(OR($N$8="",$N$8=0),"",IF(INDIRECT(ADDRESS(($AK19),COLUMN()+6,,,"Digitar Dados dos Ensaios"))<>"",INDIRECT(ADDRESS(($AK19),COLUMN()+6,,,"Digitar Dados dos Ensaios")),"")) | G19: =IF(OR($N$8="",$N$8=0),"",IF(INDIRECT(ADDRESS(($AK19),COLUMN()+6,,,"Digitar Dados dos Ensaios"))<>"",INDIRECT(ADDRESS(($AK19),COLUMN()+6,,,"Digitar Dados dos Ensaios")),"")) | H19: =IF(OR($N$8="",$N$8=0),"",IF(INDIRECT(ADDRESS(($AK19),COLUMN()+6,,,"Digitar Dados dos Ensaios"))<>"",INDIRECT(ADDRESS(($AK19),COLUMN()+6,,,"Digitar Dados dos Ensaios")),"")) | I19: =IF(OR($N$8="",$N$8=0),"",IF(INDIRECT(ADDRESS(($AK19),COLUMN()+6,,,"Digitar Dados dos Ensaios"))<>"",INDIRECT(ADDRESS(($AK19),COLUMN()+6,,,"Digitar Dados dos Ensaios")),"")) | J19: =IF(OR($N$8="",$N$8=0),"",IF(INDIRECT(ADDRESS(($AK19),COLUMN()+6,,,"Digitar Dados dos Ensaios"))<>"",INDIRECT(ADDRESS(($AK19),COLUMN()+6,,,"Digitar Dados dos Ensaios")),"")) -> 10 | K19: =IF(OR($N$8="",$N$8=0),"",IF(INDIRECT(ADDRESS(($AK19),COLUMN()+5,,,"Digitar Dados dos Ensaios"))<>"",INDIRECT(ADDRESS(($AK19),COLUMN()+5,,,"Digitar Dados dos Ensaios")),"")) -> 10 | L19: =IF(OR($N$8="",$N$8=0),"",IF(INDIRECT(ADDRESS(($AK19),COLUMN()+5,,,"Digitar Dados dos Ensaios"))<>"",INDIRECT(ADDRESS(($AK19),COLUMN()+5,,,"Digitar Dados dos Ensaios")),"")) -> 21 | AK19: =AK7+2 -> 6 | AL19: =IF(OR(AL13="",AL13=0),NA(),AL13) -> 0.023450524 | AM19: =IF(OR(AM13="",AM13=0),NA(),AM13) -> 0.03858606 | AN19: =IF(OR(AN13="",AN13=0),NA(),AN13) -> 0.053721596 | AO19: =IF(OR(AO13="",AO13=0),NA(),AO13) -> 0.068857132 | AP19: =IF(OR(AP13="",AP13=0),NA(),AP13) -> 0.083992668 | AQ19: =IF(OR(AQ13="",AQ13=0),NA(),AQ13) -> #N/A | AS19: a | AT19: =(AY15*AY17-AY16*AY13)/(AY17^2-AY14*AY13) -> -305564.81 | AU19: b | AV19: =(AY16-AT19*AY14)/AY17 -> 35302.405 | AW19: c | AX19: =AR14-AV19*AR13-AT19*AR15 -> 1199.6106 | AZ19: Densidade
A20: Peso Bruto Úmido | C20: g | D20: =IF(OR($N$8="",$N$8=0),"",IF(INDIRECT(ADDRESS(($AK20),COLUMN()+6,,,"Digitar Dados dos Ensaios"))<>"",INDIRECT(ADDRESS(($AK20),COLUMN()+6,,,"Digitar Dados dos Ensaios")),"")) | E20: =IF(OR($N$8="",$N$8=0),"",IF(INDIRECT(ADDRESS(($AK20),COLUMN()+6,,,"Digitar Dados dos Ensaios"))<>"",INDIRECT(ADDRESS(($AK20),COLUMN()+6,,,"Digitar Dados dos Ensaios")),"")) | F20: =IF(OR($N$8="",$N$8=0),"",IF(INDIRECT(ADDRESS(($AK20),COLUMN()+6,,,"Digitar Dados dos Ensaios"))<>"",INDIRECT(ADDRESS(($AK20),COLUMN()+6,,,"Digitar Dados dos Ensaios")),"")) | G20: =IF(OR($N$8="",$N$8=0),"",IF(INDIRECT(ADDRESS(($AK20),COLUMN()+6,,,"Digitar Dados dos Ensaios"))<>"",INDIRECT(ADDRESS(($AK20),COLUMN()+6,,,"Digitar Dados dos Ensaios")),"")) | H20: =IF(OR($N$8="",$N$8=0),"",IF(INDIRECT(ADDRESS(($AK20),COLUMN()+6,,,"Digitar Dados dos Ensaios"))<>"",INDIRECT(ADDRESS(($AK20),COLUMN()+6,,,"Digitar Dados dos Ensaios")),"")) | I20: =IF(OR($N$8="",$N$8=0),"",IF(INDIRECT(ADDRESS(($AK20),COLUMN()+6,,,"Digitar Dados dos Ensaios"))<>"",INDIRECT(ADDRESS(($AK20),COLUMN()+6,,,"Digitar Dados dos Ensaios")),"")) | J20: =IF(OR($N$8="",$N$8=0),"",IF(INDIRECT(ADDRESS(($AK20),COLUMN()+6,,,"Digitar Dados dos Ensaios"))<>"",INDIRECT(ADDRESS(($AK20),COLUMN()+6,,,"Digitar Dados dos Ensaios")),"")) -> 186.55 | K20: =IF(OR($N$8="",$N$8=0),"",IF(INDIRECT(ADDRESS(($AK20),COLUMN()+5,,,"Digitar Dados dos Ensaios"))<>"",INDIRECT(ADDRESS(($AK20),COLUMN()+5,,,"Digitar Dados dos Ensaios")),"")) -> 186.55 | L20: =IF(OR($N$8="",$N$8=0),"",IF(INDIRECT(ADDRESS(($AK20),COLUMN()+5,,,"Digitar Dados dos Ensaios"))<>"",INDIRECT(ADDRESS(($AK20),COLUMN()+5,,,"Digitar Dados dos Ensaios")),"")) -> 201.76 | AK20: =AK19+1 -> 7 | AL20: =IF(OR(AL14="",AL14=0),NA(),AL14) -> 1898.3267 | AM20: =IF(OR(AM14="",AM14=0),NA(),AM14) -> 2018.6054 | AN20: =IF(OR(AN14="",AN14=0),NA(),AN14) -> 2245.5883 | AO20: =IF(OR(AO14="",AO14=0),NA(),AO14) -> 2228.107 | AP20: =IF(OR(AP14="",AP14=0),NA(),AP14) -> 1980.6168 | AQ20: =IF(OR(AQ14="",AQ14=0),NA(),AQ14) -> #N/A | AZ20: x | BA20: y
A21: Peso Bruto Seco | C21: g | D21: =IF(OR($N$8="",$N$8=0),"",IF(INDIRECT(ADDRESS(($AK21),COLUMN()+6,,,"Digitar Dados dos Ensaios"))<>"",INDIRECT(ADDRESS(($AK21),COLUMN()+6,,,"Digitar Dados dos Ensaios")),"")) | E21: =IF(OR($N$8="",$N$8=0),"",IF(INDIRECT(ADDRESS(($AK21),COLUMN()+6,,,"Digitar Dados dos Ensaios"))<>"",INDIRECT(ADDRESS(($AK21),COLUMN()+6,,,"Digitar Dados dos Ensaios")),"")) | F21: =IF(OR($N$8="",$N$8=0),"",IF(INDIRECT(ADDRESS(($AK21),COLUMN()+6,,,"Digitar Dados dos Ensaios"))<>"",INDIRECT(ADDRESS(($AK21),COLUMN()+6,,,"Digitar Dados dos Ensaios")),"")) | G21: =IF(OR($N$8="",$N$8=0),"",IF(INDIRECT(ADDRESS(($AK21),COLUMN()+6,,,"Digitar Dados dos Ensaios"))<>"",INDIRECT(ADDRESS(($AK21),COLUMN()+6,,,"Digitar Dados dos Ensaios")),"")) | H21: =IF(OR($N$8="",$N$8=0),"",IF(INDIRECT(ADDRESS(($AK21),COLUMN()+6,,,"Digitar Dados dos Ensaios"))<>"",INDIRECT(ADDRESS(($AK21),COLUMN()+6,,,"Digitar Dados dos Ensaios")),"")) | I21: =IF(OR($N$8="",$N$8=0),"",IF(INDIRECT(ADDRESS(($AK21),COLUMN()+6,,,"Digitar Dados dos Ensaios"))<>"",INDIRECT(ADDRESS(($AK21),COLUMN()+6,,,"Digitar Dados dos Ensaios")),"")) | J21: =IF(OR($N$8="",$N$8=0),"",IF(INDIRECT(ADDRESS(($AK21),COLUMN()+6,,,"Digitar Dados dos Ensaios"))<>"",INDIRECT(ADDRESS(($AK21),COLUMN()+6,,,"Digitar Dados dos Ensaios")),"")) -> 185.17 | K21: =IF(OR($N$8="",$N$8=0),"",IF(INDIRECT(ADDRESS(($AK21),COLUMN()+5,,,"Digitar Dados dos Ensaios"))<>"",INDIRECT(ADDRESS(($AK21),COLUMN()+5,,,"Digitar Dados dos Ensaios")),"")) -> 185.17 | L21: =IF(OR($N$8="",$N$8=0),"",IF(INDIRECT(ADDRESS(($AK21),COLUMN()+5,,,"Digitar Dados dos Ensaios"))<>"",INDIRECT(ADDRESS(($AK21),COLUMN()+5,,,"Digitar Dados dos Ensaios")),"")) -> 200 | AK21: =AK20+1 -> 8 | AZ21: 0 | BA21: =BA14 -> 2219.2469
A22: Peso da Água | C22: g | D22: =IF(D19<>"",D20-D21,"") | E22: =IF(E19<>"",E20-E21,"") | F22: =IF(F19<>"",F20-F21,"") | G22: =IF(G19<>"",G20-G21,"") | H22: =IF(H19<>"",H20-H21,"") | I22: =IF(I18<>"",I20-I21,"") | J22: =IF(J19<>"",J20-J21,"") -> 1.38 | K22: =IF(K19<>"",K20-K21,"") -> 1.38 | L22: =IF(L19<>"",L20-L21,"") -> 1.76 | AZ22: =BA13 -> 0.057765822 | BA22: =BA21 -> 2219.2469
A23: Peso da Cápsula | C23: g | D23: =IF(D19<>"",LOOKUP(D19,Tara!$C$6:$C$185,Tara!$D$6:$D$185),"") | E23: =IF(E19<>"",LOOKUP(E19,Tara!$C$6:$C$185,Tara!$D$6:$D$185),"") | F23: =IF(F19<>"",LOOKUP(F19,Tara!$C$6:$C$185,Tara!$D$6:$D$185),"") | G23: =IF(G19<>"",LOOKUP(G19,Tara!$C$6:$C$185,Tara!$D$6:$D$185),"") | H23: =IF(H19<>"",LOOKUP(H19,Tara!$C$6:$C$185,Tara!$D$6:$D$185),"") | I23: =IF(I18<>"",LOOKUP(I19,Tara!$C$6:$C$185,Tara!$D$6:$D$185),"") | J23: =IF(J19<>"",LOOKUP(J19,Tara!$C$6:$C$185,Tara!$D$6:$D$185),"") -> 24.1 | K23: =IF(K19<>"",LOOKUP(K19,Tara!$C$6:$C$185,Tara!$D$6:$D$185),"") -> 24.1 | L23: =IF(L19<>"",LOOKUP(L19,Tara!$C$6:$C$185,Tara!$D$6:$D$185),"") -> 14.81 | AZ23: =AZ22 -> 0.057765822 | BA23: 0
A24: Peso do Solo Seco | C24: g | D24: =IF(D19<>"",D21-D23,"") | E24: =IF(E19<>"",E21-E23,"") | F24: =IF(F19<>"",F21-F23,"") | G24: =IF(G19<>"",G21-G23,"") | H24: =IF(H19<>"",H21-H23,"") | I24: =IF(I18<>"",I21-I23,"") | J24: =IF(J19<>"",J21-J23,"") -> 161.07 | K24: =IF(K19<>"",K21-K23,"") -> 161.07 | L24: =IF(L19<>"",L21-L23,"") -> 185.19
A25: Umidade | C25: % | D25: =IF(D19<>"",D22/D24,"") | E25: =IF(E19<>"",E22/E24,"") | F25: =IF(F19<>"",F22/F24,"") | G25: =IF(G19<>"",G22/G24,"") | H25: =IF(H19<>"",H22/H24,"") | I25: =IF(I18<>"",I22/I24,"") | J25: =IF(J19<>"",J22/J24,"") -> 0.0085677035 | K25: =IF(K19<>"",K22/K24,"") -> 0.0085677035 | L25: =IF(L19<>"",L22/L24,"") -> 0.0095037529
A26: Umidade Média | C26: % | D26: =IF(ISNUMBER(D27),(D27/$K$30),"") -> 0.023450524 | E26: =IF(ISNUMBER(E27),(E27/$K$30),"") -> 0.03858606 | F26: =IF(ISNUMBER(F27),(F27/$K$30),"") -> 0.053721596 | G26: =IF(ISNUMBER(G27),(G27/$K$30),"") -> 0.068857132 | H26: =IF(ISNUMBER(H27),(H27/$K$30),"") -> 0.083992668 | I26: =IF(ISNUMBER(I27),(I27/$K$30),"") | J26: =IF(ISNUMBER(J27),(J27/$K$30),"") | K26: =IF(ISNUMBER(K25),AVERAGE(K25:L25),"") -> 0.0090357282 | S26: Compactação | W26: Cálculo da Densidade | Y26: Amostra | AB26: =IF(F234+I234>H234,H234,F234+I234) -> 0
A27: Água Total | C27: g | D27: =IF(AND(ISNUMBER(D28),ISNUMBER($K$32)),D28+$K$32,"") -> 162.6837 | E27: =IF(AND(ISNUMBER(E28),ISNUMBER($K$32)),E28+$K$32,"") -> 267.6837 | F27: =IF(AND(ISNUMBER(F28),ISNUMBER($K$32)),F28+$K$32,"") -> 372.6837 | G27: =IF(AND(ISNUMBER(G28),ISNUMBER($K$32)),G28+$K$32,"") -> 477.6837 | H27: =IF(AND(ISNUMBER(H28),ISNUMBER($K$32)),H28+$K$32,"") -> 582.6837 | I27: =IF(AND(ISNUMBER(I18),ISNUMBER($K$32)),I28+$K$32,"") | J27: =IF(AND(ISNUMBER(J28),ISNUMBER($K$32)),J28+$K$32,"") | K27: Peso do Material g | S27: ISC | W27: Pela Higroscopica | Y27: Trabalhada
A28: Água Adicionada | C28: g | D28: =IF(OR($N$8="",$N$8=0),"",IF(INDIRECT(ADDRESS(($AK28),COLUMN()+7,,,"Digitar Dados dos Ensaios"))<>"",INDIRECT(ADDRESS(($AK28),COLUMN()+7,,,"Digitar Dados dos Ensaios")),"")) -> 100 | E28: =IF(AND(ISNUMBER(E29),ISNUMBER($K$28)),E29*$K$28,"") -> 205 | F28: =IF(AND(ISNUMBER(F29),ISNUMBER($K$28)),F29*$K$28,"") -> 310 | G28: =IF(AND(ISNUMBER(G29),ISNUMBER($K$28)),G29*$K$28,"") -> 415 | H28: =IF(AND(ISNUMBER(H29),ISNUMBER($K$28)),H29*$K$28,"") -> 520 | I28: =IF(AND(ISNUMBER(I18),ISNUMBER($K$28)),I29*$K$28,"") | J28: =IF(AND(ISNUMBER(J29),ISNUMBER($K$28)),J29*$K$28,"") | K28: =IF(OR($N$8="",$N$8=0),"",IF(INDIRECT(ADDRESS(($AK28),COLUMN()+6,,,"Digitar Dados dos Ensaios"))<>"",INDIRECT(ADDRESS(($AK28),COLUMN()+6,,,"Digitar Dados dos Ensaios")),"")) -> 7000 | L28: =IF(OR($N$8="",$N$8=0),"",IF(INDIRECT(ADDRESS(($AK28),COLUMN()+6,,,"Digitar Dados dos Ensaios"))<>"",INDIRECT(ADDRESS(($AK28),COLUMN()+6,,,"Digitar Dados dos Ensaios")),"")) -> Moldagem do ISC Ótimo | S28: Expansaão | W28: Pelas Cápsulas | Y28: Não Trabalhada | AK28: =AK21+1 -> 9 | AL28: =IF(OR($N$8="",$N$8=0),"",IF(INDIRECT(ADDRESS(($AK28),COLUMN()-24,,,"Digitar Dados dos Ensaios"))<>"",INDIRECT(ADDRESS(($AK28),COLUMN()-24,,,"Digitar Dados dos Ensaios")),"")) -> 0.015
A29: % Água Adicionada | C29: % | D29: =IF(AND(D31<>0,ISNUMBER(D28)),D28/K28,"") -> 0.014285714 | E29: =IF(AND(ISNUMBER($AL$28),ISNUMBER(E18),E31<>0),D29+$AL$28,"") -> 0.029285714 | F29: =IF(AND(ISNUMBER($AL$28),ISNUMBER(F18),F31<>0),E29+$AL$28,"") -> 0.044285714 | G29: =IF(AND(ISNUMBER($AL$28),ISNUMBER(G18),G31<>0),F29+$AL$28,"") -> 0.059285714 | H29: =IF(AND(ISNUMBER($AL$28),ISNUMBER(H18),H31<>0),G29+$AL$28,"") -> 0.074285714 | I29: =IF(AND(ISNUMBER($AL$28),ISNUMBER(I18),I31<>0),H29+$AL$28,"") | J29: =IF(AND(ISNUMBER($AL$28),ISNUMBER(I29),J31<>0),I29+$AL$28,"") | K29: P. Mat. Seco g
A30: Cilindro Nº | C30: - | D30: =IF(OR($N$8="",$N$8=0),"",IF(INDIRECT(ADDRESS(($AK30),COLUMN()+6,,,"Digitar Dados dos Ensaios"))<>"",INDIRECT(ADDRESS(($AK30),COLUMN()+6,,,"Digitar Dados dos Ensaios")),"")) -> 41 | E30: =IF(OR($N$8="",$N$8=0),"",IF(INDIRECT(ADDRESS(($AK30),COLUMN()+6,,,"Digitar Dados dos Ensaios"))<>"",INDIRECT(ADDRESS(($AK30),COLUMN()+6,,,"Digitar Dados dos Ensaios")),"")) -> 28 | F30: =IF(OR($N$8="",$N$8=0),"",IF(INDIRECT(ADDRESS(($AK30),COLUMN()+6,,,"Digitar Dados dos Ensaios"))<>"",INDIRECT(ADDRESS(($AK30),COLUMN()+6,,,"Digitar Dados dos Ensaios")),"")) -> 46 | G30: =IF(OR($N$8="",$N$8=0),"",IF(INDIRECT(ADDRESS(($AK30),COLUMN()+6,,,"Digitar Dados dos Ensaios"))<>"",INDIRECT(ADDRESS(($AK30),COLUMN()+6,,,"Digitar Dados dos Ensaios")),"")) -> 48 | H30: =IF(OR($N$8="",$N$8=0),"",IF(INDIRECT(ADDRESS(($AK30),COLUMN()+6,,,"Digitar Dados dos Ensaios"))<>"",INDIRECT(ADDRESS(($AK30),COLUMN()+6,,,"Digitar Dados dos Ensaios")),"")) -> 41 | I30: =IF(OR($N$8="",$N$8=0),"",IF(INDIRECT(ADDRESS(($AK30),COLUMN()+6,,,"Digitar Dados dos Ensaios"))<>"",INDIRECT(ADDRESS(($AK30),COLUMN()+6,,,"Digitar Dados dos Ensaios")),"")) | J30: =IF(OR($N$8="",$N$8=0),"",IF(INDIRECT(ADDRESS(($AK30),COLUMN()+6,,,"Digitar Dados dos Ensaios"))<>"",INDIRECT(ADDRESS(($AK30),COLUMN()+6,,,"Digitar Dados dos Ensaios")),"")) -> % Ret.#3/4" | K30: =IF(ISNUMBER(K28),K28/(K26+1),"") -> 6937.3163 | AK30: =AK28+1 -> 10
A31: Peso Bruto Úmido | C31: g | D31: =IF(OR($N$8="",$N$8=0),"",IF(INDIRECT(ADDRESS(($AK31),COLUMN()+6,,,"Digitar Dados dos Ensaios"))<>"",INDIRECT(ADDRESS(($AK31),COLUMN()+6,,,"Digitar Dados dos Ensaios")),"")) -> 9575 | E31: =IF(OR($N$8="",$N$8=0),"",IF(INDIRECT(ADDRESS(($AK31),COLUMN()+6,,,"Digitar Dados dos Ensaios"))<>"",INDIRECT(ADDRESS(($AK31),COLUMN()+6,,,"Digitar Dados dos Ensaios")),"")) -> 9661 | F31: =IF(OR($N$8="",$N$8=0),"",IF(INDIRECT(ADDRESS(($AK31),COLUMN()+6,,,"Digitar Dados dos Ensaios"))<>"",INDIRECT(ADDRESS(($AK31),COLUMN()+6,,,"Digitar Dados dos Ensaios")),"")) -> 10042 | G31: =IF(OR($N$8="",$N$8=0),"",IF(INDIRECT(ADDRESS(($AK31),COLUMN()+6,,,"Digitar Dados dos Ensaios"))<>"",INDIRECT(ADDRESS(($AK31),COLUMN()+6,,,"Digitar Dados dos Ensaios")),"")) -> 10055 | H31: =IF(OR($N$8="",$N$8=0),"",IF(INDIRECT(ADDRESS(($AK31),COLUMN()+6,,,"Digitar Dados dos Ensaios"))<>"",INDIRECT(ADDRESS(($AK31),COLUMN()+6,,,"Digitar Dados dos Ensaios")),"")) -> 10000 | I31: =IF(OR($N$8="",$N$8=0),"",IF(INDIRECT(ADDRESS(($AK31),COLUMN()+6,,,"Digitar Dados dos Ensaios"))<>"",INDIRECT(ADDRESS(($AK31),COLUMN()+6,,,"Digitar Dados dos Ensaios")),"")) | J31: =IF(OR($N$8="",$N$8=0),"",IF(INDIRECT(ADDRESS(($AK31),COLUMN()+6,,,"Digitar Dados dos Ensaios"))<>"",INDIRECT(ADDRESS(($AK31),COLUMN()+6,,,"Digitar Dados dos Ensaios")),"")) -> % Ret.# nº4 | K31: Peso Água g | AK31: =AK30+1 -> 11
A32: Peso do Cilindro | C32: g | D32: =IF(D30<>"",LOOKUP(D30,Tara!$G$6:$G$185,Tara!$H$6:$H$185),"") -> 5530 | E32: =IF(E30<>"",LOOKUP(E30,Tara!$G$6:$G$185,Tara!$H$6:$H$185),"") -> 5294 | F32: =IF(F30<>"",LOOKUP(F30,Tara!$G$6:$G$185,Tara!$H$6:$H$185),"") -> 5222 | G32: =IF(G30<>"",LOOKUP(G30,Tara!$G$6:$G$185,Tara!$H$6:$H$185),"") -> 5130 | H32: =IF(H30<>"",LOOKUP(H30,Tara!$G$6:$G$185,Tara!$H$6:$H$185),"") -> 5530 | I32: =IF(I18<>"",LOOKUP(I30,Tara!$G$6:$G$185,Tara!$H$6:$H$185),"") | J32: =IF(J30<>"",LOOKUP(J30,Tara!$G$6:$G$185,Tara!$H$6:$H$185),"") -> #N/A | K32: =IF(K28<>"",K28-K30,"") -> 62.683704 | L32: =IF(ISNUMBER(J30),J30-J32,"")
A33: Volume do Cilindro | D33: =IF(D30<>"",LOOKUP(D30,Tara!$G$6:$G$185,Tara!$I$6:$I$185),"") -> 2082 | E33: =IF(E30<>"",LOOKUP(E30,Tara!$G$6:$G$185,Tara!$I$6:$I$185),"") -> 2083 | F33: =IF(F30<>"",LOOKUP(F30,Tara!$G$6:$G$185,Tara!$I$6:$I$185),"") -> 2037 | G33: =IF(G30<>"",LOOKUP(G30,Tara!$G$6:$G$185,Tara!$I$6:$I$185),"") -> 2068 | H33: =IF(H30<>"",LOOKUP(H30,Tara!$G$6:$G$185,Tara!$I$6:$I$185),"") -> 2082 | I33: =IF(I18<>"",LOOKUP(I30,Tara!$G$6:$G$185,Tara!$I$6:$I$185),"") | J33: =IF(J30<>"",LOOKUP(J30,Tara!$G$6:$G$185,Tara!$I$6:$I$185),"") -> #N/A
A34: Peso do Solo Úmido | C34: g | D34: =IF(D31<>"",D31-D32,"") -> 4045 | E34: =IF(E31<>"",E31-E32,"") -> 4367 | F34: =IF(F31<>"",F31-F32,"") -> 4820 | G34: =IF(G31<>"",G31-G32,"") -> 4925 | H34: =IF(H31<>"",H31-H32,"") -> 4470 | I34: =IF(I18<>"",I31-I32,"") | J34: =IF(J31<>"",J31-J32,"") -> #VALUE! | AC34: =D26 -> 0.023450524 | AD34: =E26 -> 0.03858606 | AE34: =F26 -> 0.053721596 | AF34: =G26 -> 0.068857132 | AG34: =H26 -> 0.083992668
A35: Dens. Solo Úmido | C35: g / m³ | D35: =IF(D34<>"",D34*1000/D33,"") -> 1942.8434 | E35: =IF(E34<>"",E34*1000/E33,"") -> 2096.4954 | F35: =IF(F34<>"",F34*1000/F33,"") -> 2366.2248 | G35: =IF(G34<>"",G34*1000/G33,"") -> 2381.528 | H35: =IF(H34<>"",H34*1000/H33,"") -> 2146.9741 | I35: =IF(I34<>"",I34*1000/I33,"") | J35: =IF(J34<>"",J34*1000/J33,"") -> #VALUE!
A36: Dens. Solo Seco | C36: g / m³ | D36: =IF(D35="","",IF($AS$7=TRUE,D35/(1+D26),IF($AS$8=TRUE,D35/(1+D25),""))) -> 1898.3267 | E36: =IF(E35="","",IF($AS$7=TRUE,E35/(1+E26),IF($AS$8=TRUE,E35/(1+E25),""))) -> 2018.6054 | F36: =IF(F35="","",IF($AS$7=TRUE,F35/(1+F26),IF($AS$8=TRUE,F35/(1+F25),""))) -> 2245.5883 | G36: =IF(G35="","",IF($AS$7=TRUE,G35/(1+G26),IF($AS$8=TRUE,G35/(1+G25),""))) -> 2228.107 | H36: =IF(H35="","",IF($AS$7=TRUE,H35/(1+H26),IF($AS$8=TRUE,H35/(1+H25),""))) -> 1980.6168 | I36: =IF(I35="","",IF($AS$7=TRUE,I35/(1+I26),IF($AS$8=TRUE,I35/(1+I25),""))) | J36: =IF(J35="","",IF($AS$7=TRUE,J35/(1+J26),IF($AS$8=TRUE,J35/(1+J25),""))) -> #VALUE!
A37: Resultados: | E37: Obs:
A39: U. Ótima | B39: Dens. Máx | C39: ISC | D39: Expansão
A40: =IF(ISERROR(BA13),"",BA13) -> 0.057765822 | B40: =IF(ISERROR(BA14),"",BA14) -> 2219.2469 | C40: =IF(ISERROR(BB94),"",BB94) | D40: =IF(ISERROR(BB103),"",BB103) | AC40: =D32 -> 5530 | AD40: =E32 -> 5294 | AE40: =F32 -> 5222 | AF40: =G32 -> 5130 | AG40: =H32 -> 5530
AC41: =D33 -> 2082 | AD41: =E33 -> 2083 | AE41: =F33 -> 2037 | AF41: =G33 -> 2068 | AG41: =H33 -> 2082
AC43: =AC44+AC40 -> 9689.2587 | AD43: =AD44+AD40 -> 9734.8344 | AE43: =AE44+AE40 -> 9710.187 | AF43: =AF44+AF40 -> 9702.4844 | AG43: =AG44+AG40 -> 10019.3
AC44: =AC45*AC41/1000 -> 4159.2587 | AD44: =AD45*AD41/1000 -> 4440.8344 | AE44: =AE45*AE41/1000 -> 4488.187 | AF44: =AF45*AF41/1000 -> 4572.4844 | AG44: =AG45*AG41/1000 -> 4489.2997
AC45: =AC46*(AC34+100%) -> 1997.7227 | AD45: =AD46*(AD34+100%) -> 2131.9416 | AE45: =AE46*(AE34+100%) -> 2203.3319 | AF45: =AF46*(AF34+100%) -> 2211.066 | AG45: =AG46*(AG34+100%) -> 2156.2439
AC46: =AC47*$AE$46% -> 1951.9485 | AD46: =AD47*$AE$46% -> 2052.7347 | AE46: 2091 | AF46: =AF47*$AE$46% -> 2068.6263 | AG46: =AG47*$AE$46% -> 1989.1683
AC47: =RANDBETWEEN(92.8*100,93.9*100)/100 -> 93.35 | AD47: =RANDBETWEEN(97.7*100,98.5*100)/100 -> 98.17 | AF47: =RANDBETWEEN(98.8*100,99.3*100)/100 -> 98.93 | AG47: =RANDBETWEEN(94.8*100,95.3*100)/100 -> 95.13
B73: Responsável executor: | G73: Responsável calculista:
A75: ÍNDICE SUPORTE CALIFÓRNIA & EXPANSÃO | K75: Registro
L76: =IF(OR($N$8="",$N$8=0),"",IF(INDIRECT(ADDRESS(($AK157),COLUMN()-7,,,"Digitar Dados dos Ensaios"))<>"",INDIRECT(ADDRESS(($AK157),COLUMN()-7,,,"Digitar Dados dos Ensaios")),"")) -> 1
K77: Data
K78: =IF(K11<>"",K11,"") | L78: =IF(E77<>0,E77,"")
A79: Documento de referência
A80: DNIT 172 ME Solos - Determinação do índice de suporte Califórnia
A81: Estaca/Jazida | C81: =IF(B13<>"",B13,"") | D81: Posição | E81: =IF(E13<>"",E13,"") -> - | F81: =IF(F13<>"",F13,"") -> Marque com X se a Compactação é | G81: CAMADA | H81: =IF(H13<>"",H13,"") -> AVALIAR
A83: Umidade Moldagem | G83: Moldagem Ótima
A84: Cápsula Nº | C84: - | D84: =IF(OR($N$8="",$N$8=0),"",IF(INDIRECT(ADDRESS(($AK84),COLUMN()+14,,,"Digitar Dados dos Ensaios"))<>"",INDIRECT(ADDRESS(($AK84),COLUMN()+14,,,"Digitar Dados dos Ensaios")),"")) | E84: =IF(OR($N$8="",$N$8=0),"",IF(INDIRECT(ADDRESS(($AK84),COLUMN()+14,,,"Digitar Dados dos Ensaios"))<>"",INDIRECT(ADDRESS(($AK84),COLUMN()+14,,,"Digitar Dados dos Ensaios")),"")) | G84: Cilindro Nº | J84: - | K84: =IF(OR($N$8="",$N$8=0),"",IF(INDIRECT(ADDRESS(($AK84)+4,COLUMN()+8,,,"Digitar Dados dos Ensaios"))<>"",INDIRECT(ADDRESS(($AK84)+4,COLUMN()+8,,,"Digitar Dados dos Ensaios")),"")) | L84: =IF(OR($N$8="",$N$8=0),"",IF(INDIRECT(ADDRESS(($AK84),COLUMN()+14,,,"Digitar Dados dos Ensaios"))<>"",INDIRECT(ADDRESS(($AK84),COLUMN()+14,,,"Digitar Dados dos Ensaios")),"")) | AK84: =AK7+2 -> 6
A85: Peso Bruto Úmido | C85: g | D85: =IF(OR($N$8="",$N$8=0),"",IF(INDIRECT(ADDRESS(($AK85),COLUMN()+14,,,"Digitar Dados dos Ensaios"))<>"",INDIRECT(ADDRESS(($AK85),COLUMN()+14,,,"Digitar Dados dos Ensaios")),"")) | E85: =IF(OR($N$8="",$N$8=0),"",IF(INDIRECT(ADDRESS(($AK85),COLUMN()+14,,,"Digitar Dados dos Ensaios"))<>"",INDIRECT(ADDRESS(($AK85),COLUMN()+14,,,"Digitar Dados dos Ensaios")),"")) | G85: Peso Bruto Úmido | J85: g | K85: =IF(OR($N$8="",$N$8=0),"",IF(INDIRECT(ADDRESS(($AK85)+4,COLUMN()+8,,,"Digitar Dados dos Ensaios"))<>"",INDIRECT(ADDRESS(($AK85)+4,COLUMN()+8,,,"Digitar Dados dos Ensaios")),"")) | L85: =IF(OR($N$8="",$N$8=0),"",IF(INDIRECT(ADDRESS(($AK85),COLUMN()+14,,,"Digitar Dados dos Ensaios"))<>"",INDIRECT(ADDRESS(($AK85),COLUMN()+14,,,"Digitar Dados dos Ensaios")),"")) -> 1 | AK85: =AK84+1 -> 7
A86: Peso Bruto Seco | C86: g | D86: =IF(OR($N$8="",$N$8=0),"",IF(INDIRECT(ADDRESS(($AK86),COLUMN()+14,,,"Digitar Dados dos Ensaios"))<>"",INDIRECT(ADDRESS(($AK86),COLUMN()+14,,,"Digitar Dados dos Ensaios")),"")) | E86: =IF(OR($N$8="",$N$8=0),"",IF(INDIRECT(ADDRESS(($AK86),COLUMN()+14,,,"Digitar Dados dos Ensaios"))<>"",INDIRECT(ADDRESS(($AK86),COLUMN()+14,,,"Digitar Dados dos Ensaios")),"")) | G86: Peso do Cilindro | J86: g | K86: =IF(K84<>"",LOOKUP(K84,Tara!$G$6:$G$185,Tara!$H$6:$H$185),"") | L86: =IF(L84<>"",LOOKUP(L84,Tara!$G$6:$G$185,Tara!$H$6:$H$185),"") | AK86: =AK85+1 -> 8
A87: Peso da Água | C87: g | D87: =IF(D84<>"",D85-D86,"") | E87: =IF(E84<>"",E85-E86,"") | G87: Volume do Cilindro | K87: =IF(K84<>"",LOOKUP(K84,Tara!$G$6:$G$185,Tara!$I$6:$I$185),"") | L87: =IF(L84<>"",LOOKUP(L84,Tara!$G$6:$G$185,Tara!$I$6:$I$185),"")
A88: Peso da Cápsula | C88: g | D88: =IF(D84<>"",LOOKUP(D84,Tara!$C$6:$C$185,Tara!$D$6:$D$185),"") | E88: =IF(E84<>"",LOOKUP(E84,Tara!$C$6:$C$185,Tara!$D$6:$D$185),"") | G88: Peso do Solo Úmido | J88: g | K88: =IF(K85<>"",K85-K86,"") | L88: =IF(L85<>"",L85-L86,"") -> #VALUE!
A89: Peso do Solo Seco | C89: g | D89: =IF(D84<>"",D86-D88,"") | E89: =IF(E84<>"",E86-E88,"") | G89: Dens. Solo Úmido | J89: g / m³ | K89: =IF(K88<>"",K88*1000/K87,"") | L89: =IF(L88<>"",L88*1000/L87,"") -> #VALUE!
A90: Umidade | C90: % | D90: =IF(D84<>"",D87/D89,"") | E90: =IF(E84<>"",E87/E89,"") | G90: Dens. Solo Seco | J90: g / m³ | K90: =IF(K84<>"",K89/(1+D91),"") | L90: =IF(ISNUMBER(L89),L89/(1+L83),"")
A91: Umidade Média | C91: g | D91: =IF(ISNUMBER(D90),AVERAGE(D90:E90),"")
A93: Cilindro nº | C93: =IF(OR($N$8="",$N$8=0),"",IF(INDIRECT(ADDRESS(($AK93),COLUMN()+18,,,"Digitar Dados dos Ensaios"))<>"",INDIRECT(ADDRESS(($AK93),COLUMN()+18,,,"Digitar Dados dos Ensaios")),"")) -> 28 | D93: =IF(OR($N$8="",$N$8=0),"",IF(INDIRECT(ADDRESS(($AK93),COLUMN()+14,,,"Digitar Dados dos Ensaios"))<>"",INDIRECT(ADDRESS(($AK93),COLUMN()+14,,,"Digitar Dados dos Ensaios")),"")) | E93: EXPANSÃO | AK93: =AK7+3 -> 7 | AM93: =IF(AL8=TRUE,MAX(AL13),IF(AL8=FALSE,"")) | AN93: =IF(AM8=TRUE,MAX(AM13),IF(AM8=FALSE,"")) -> 0.03858606 | AO93: =IF(AU7=TRUE,D91,IF(AN8=TRUE,MAX(AN13),IF(AN8=FALSE,""))) -> 0.053721596 | AP93: =IF(AO8=TRUE,MAX(AO13),IF(AO8=FALSE,"")) -> 0.068857132 | AQ93: =IF(AP8=TRUE,MAX(AP13),IF(AP8=FALSE,"")) -> 0.083992668 | AR93: =IF(AQ8=TRUE,MAX(AQ13),IF(AQ8=FALSE,"")) -> 0 | AS93: =AVERAGE(AM93:AR93) -> 0.049031491 | AT93: =IF(ISNUMBER(AM96),AM96^2,"") | AU93: =IF(ISNUMBER(AN96),AN96^2,"") -> 0.00010910703 | AV93: =IF(ISNUMBER(AO96),AO96^2,"") -> 2.1997084e-05 | AW93: =IF(ISNUMBER(AP96),AP96^2,"") -> 0.00039305603 | AX93: =IF(ISNUMBER(AQ96),AQ96^2,"") -> 0.0012222839 | AY93: =IF(ISNUMBER(AR96),AR96^2,"") -> 0.0024040871 | AZ93: =SUM(AT93:AY93) -> 0.0041505312 | BA93: x= | BB93: =IF(AU8=TRUE,IF(BA13<>"",BA13,""),IF(AU8=FALSE,D91)) -> 0.057765822 | BD93: 0.63 | BE93: 0.63 | BF93: 0.63 | BG93: =IF(D110<>"",D110,"") -> 55.762274 | BH93: 0 | BI93: =IF(D103<>"",D103,"") -> 9.9224806 | BJ93: 0.63 | BK93: 1.27 | BL93: 1.9 | BM93: 2.54 | BN93: 3.81 | BO93: 5.08 | BP93: 6.35 | BQ93: 7.62 | BR93: =IF(BJ94<>"",AVERAGE(BJ93:BQ93),"") -> 3.65 | BS93: =IF(ISNUMBER(BJ98),BJ98^2,"") -> 340.42833 | BT93: =IF(ISNUMBER(BK98),BK98^2,"") -> 297.03488 | BU93: =IF(ISNUMBER(BL98),BL98^2,"") -> 232.18445 | BV93: =IF(ISNUMBER(BM98),BM98^2,"") -> 153.66082 | BW93: =IF(ISNUMBER(BN98),BN98^2,"") -> 18.761892 | BX93: =IF(ISNUMBER(BO98),BO98^2,"") -> 48.424897 | BY93: =IF(ISNUMBER(BP98),BP98^2,"") -> 461.17133 | BZ93: =IF(ISNUMBER(BQ98),BQ98^2,"") -> 1537.9574 | CA93: =IF(BS93<>"",SUM(BS93:BZ93),"") -> 3089.624 | CB93: 0 | CC93: =IF(CB94="","",IF(CB94>0,CF96,-1)) -> -1 | CD93: =IF(CB94="","",IF(CB94>0,CH96,-1)) -> -1 | CE93: =IF(CB94="","",IF(CB94>0,(BV97*CE94)+BV98,-1)) -> -1 | CF93: =IF(CB94="","",IF(CB94>0,(BV97*CF94)+BV98,-1)) -> -1 | CG93: =IF(CB94="","",IF(CB94>0,CF96,-1)) -> -1 | CH93: =IF(CB94="","",IF(CB94>0,CF96,-1)) -> -1 | CI93: =IF(CB94="","",IF(CB94>0,CF96,-1)) -> -1 | CJ93: =IF(CB94="","",IF(CB94>0,CE93,-1)) -> -1
A94: =IF(OR($N$8="",$N$8=0),"",IF(INDIRECT(ADDRESS(($AK94),COLUMN()+22,,,"Digitar Dados dos Ensaios"))<>"",INDIRECT(ADDRESS(($AK94),COLUMN()+22,,,"Digitar Dados dos Ensaios")),"")) -> 19.35 | B94: Data | C94: Hora | D94: Leitura | AK94: =AK93+2 -> 9 | AN94: =IF(AN93<>"",MAX(E103:E110)*100,"") -> 40.134251 | AO94: =IF(AO93<>"",MAX(E122:E129)*100,"") -> 53.806359 | AP94: =IF(AP93<>"",MAX(E141:E148)*100,"") -> 44.248487 | AR94: =IF(AR93<>"",MAX(#REF!)*100,"") -> #REF! | AS94: =AVERAGE(AM94:AR94) -> #REF! | AT94: =IF(ISNUMBER(AM98),AM98^2,"") | AU94: =IF(ISNUMBER(AN98),AN98^2,"") -> 3.0461046e-06 | AV94: =IF(ISNUMBER(AO98),AO98^2,"") -> 1.2123173e-07 | AW94: =IF(ISNUMBER(AP98),AP98^2,"") -> 2.2713844e-06 | AX94: =IF(ISNUMBER(AQ98),AQ98^2,"") -> 1.4596793e-05 | AY94: =IF(ISNUMBER(AR98),AR98^2,"") -> 1.0460007e-05 | AZ94: =SUM(AT94:AY94) -> 3.049552e-05 | BA94: y= | BB94: =IF(AU7=TRUE,AO94,(AU99*BB93^2+AW99*BB93+AY99)) -> #REF! | BD94: 1.27 | BE94: 1.27 | BF94: 1.27 | BG94: =IF(BG93<>"",BG93,"") -> 55.762274 | BH94: 0 | BI94: =IF(D104<>"",D104,"") -> 16.795866 | BJ94: =IF(ISNUMBER($BI93),$BI93,"") -> 9.9224806 | BK94: =IF(ISNUMBER($BI94),$BI94,"") -> 16.795866 | BL94: =IF(ISNUMBER($BI95),$BI95,"") -> 21.18863 | BM94: =IF(ISNUMBER($BI96),$BI96,"") -> 28.217054 | BN94: =IF(ISNUMBER($BI97),$BI97,"") -> 36.692506 | BO94: =IF(ISNUMBER($BI98),$BI98,"") -> 42.325581 | BP94: =IF(ISNUMBER($BI99),$BI99,"") -> 47.958656 | BQ94: =IF(ISNUMBER($BI100),$BI100,"") -> 55.762274 | BR94: =IF(BJ94<>"",AVERAGE(BJ94:BQ94),"") -> 32.357881 | BS94: =IF(ISERROR(BJ96*BJ97),"",BJ96*BJ97) -> 67.75491 | BT94: =IF(ISERROR(BK96*BK97),"",BK96*BK97) -> 37.037597 | BU94: =IF(ISERROR(BL96*BL97),"",BL96*BL97) -> 19.546189 | BV94: =IF(ISERROR(BM96*BM97),"",BM96*BM97) -> 4.5963178 | BW94: =IF(ISERROR(BN96*BN97),"",BN96*BN97) -> 0.69354005 | BX94: =IF(ISERROR(BO96*BO97),"",BO96*BO97) -> 14.253811 | BY94: =IF(ISERROR(BP96*BP97),"",BP96*BP97) -> 42.122093 | BZ94: =IF(ISERROR(BQ96*BQ97),"",BQ96*BQ97) -> 92.915439 | CA94: =IF(BS94<>"",SUM(BS94:BZ94),"") -> 278.9199 | CB94: =IF(BV98<>"",(CB93-BV98)/BV97,"") -> -1.5568999 | CC94: =IF(CB94="","",IF(CB94>0,(CF95+CB94),-1)) -> -1 | CD94: =IF(CB94="","",IF(CB94>0,CH95+CB94,-1)) -> -1 | CE94: =IF(CB94="","",IF(CB94>0,CC94,-1)) -> -1 | CF94: =IF(CB94="","",IF(CB94>0,CD94,-1)) -> -1 | CG94: =IF(CB94="","",IF(CB94>0,CF95,-1)) -> -1 | CH94: =IF(CB94="","",IF(CB94>0,CC94,-1)) -> -1 | CI94: =IF(CB94="","",IF(CB94>0,CE94,-1)) -> -1 | CJ94: =IF(CB94="","",IF(CB94>0,CE94,-1)) -> -1
A95: Costante da Prensa | B95: =IF($K$78<>"",$K$78,"") | C95: =IF(OR($N$8="",$N$8=0),"",IF(INDIRECT(ADDRESS(($AK95),COLUMN()+19,,,"Digitar Dados dos Ensaios"))<>"",INDIRECT(ADDRESS(($AK95),COLUMN()+19,,,"Digitar Dados dos Ensaios")),"")) | D95: =IF(OR($N$8="",$N$8=0),"",IF(INDIRECT(ADDRESS(($AL95),COLUMN()+22,,,"Digitar Dados dos Ensaios"))<>"",INDIRECT(ADDRESS(($AL95),COLUMN()+22,,,"Digitar Dados dos Ensaios")),"")) -> 1 | AK95: =AK93 -> 7 | AL95: =AK7+3 -> 7 | AM95: =IF(ISNUMBER(AM93),AM93^2,"") | AN95: =IF(ISNUMBER(AN93),AN93^2,"") -> 0.001488884 | AO95: =IF(ISNUMBER(AO93),AO93^2,"") -> 0.0028860099 | AP95: =IF(ISNUMBER(AP93),AP93^2,"") -> 0.0047413046 | AQ95: =IF(ISNUMBER(AQ93),AQ93^2,"") -> 0.0070547683 | AR95: =IF(ISNUMBER(AR93),AR93^2,"") -> 0 | AS95: =AVERAGE(AM95:AR95) -> 0.0032341934 | AT95: =IF(ISERROR(AM97*AM97),"",AM96*AM97) | AU95: =IF(ISERROR(AN97*AN97),"",AN96*AN97) | AV95: =IF(ISERROR(AO97*AO97),"",AO96*AO97) | AW95: =IF(ISERROR(AP97*AP97),"",AP96*AP97) | AX95: =IF(ISERROR(AQ97*AQ97),"",AQ96*AQ97) | AY95: =IF(ISERROR(AR97*AR97),"",AR96*AR97) | AZ95: =SUM(AT95:AY95) -> 0 | BD95: 1.9 | BE95: 1.9 | BF95: 1.9 | BG95: =IF(BG94<>"",BG94,"") -> 55.762274 | BH95: 0 | BI95: =IF(D105<>"",D105,"") -> 21.18863 | BJ95: =IF(BJ94<>"",BJ93^2,"") -> 0.3969 | BK95: =IF(BK94<>"",BK93^2,"") -> 1.6129 | BL95: =IF(BL94<>"",BL93^2,"") -> 3.61 | BM95: =IF(BM94<>"",BM93^2,"") -> 6.4516 | BN95: =IF(BN94<>"",BN93^2,"") -> 14.5161 | BO95: =IF(BO94<>"",BO93^2,"") -> 25.8064 | BP95: =IF(BP94<>"",BP93^2,"") -> 40.3225 | BQ95: =IF(BQ94<>"",BQ93^2,"") -> 58.0644 | BR95: =IF(BJ95<>"",AVERAGE(BJ95:BQ95),"") -> 18.8476 | BS95: =IF(ISERROR(BJ97*BJ98),"",BJ97*BJ98) -> 413.94884 | BT95: =IF(ISERROR(BK97*BK98),"",BK97*BK98) -> 268.20667 | BU95: =IF(ISERROR(BL97*BL98),"",BL97*BL98) -> 170.19257 | BV95: =IF(ISERROR(BM97*BM98),"",BM97*BM98) -> 51.32969 | BW95: =IF(ISERROR(BN97*BN98),"",BN97*BN98) -> -18.77543 | BX95: =IF(ISERROR(BO97*BO98),"",BO97*BO98) -> 69.363233 | BY95: =IF(ISERROR(BP97*BP98),"",BP97*BP98) -> 335.02509 | BZ95: =IF(ISERROR(BQ97*BQ98),"",BQ97*BQ98) -> 917.84539 | CA95: =IF(BS95<>"",SUM(BS95:BZ95),"") -> 2207.1361 | CB95: 0 | CC95: 0.63 | CD95: 1.27 | CE95: 1.9 | CF95: 2.54 | CG95: 3.81 | CH95: 5.08 | CI95: 6.35 | CJ95: 7.62
B96: =IF(ISNUMBER(B95),B95+1,"") | C96: =IF(OR($N$8="",$N$8=0),"",IF(INDIRECT(ADDRESS(($AK96),COLUMN()+20,,,"Digitar Dados dos Ensaios"))<>"",INDIRECT(ADDRESS(($AK96),COLUMN()+20,,,"Digitar Dados dos Ensaios")),"")) | D96: =IF(OR($N$8="",$N$8=0),"",IF(INDIRECT(ADDRESS(($AL96),COLUMN()+23,,,"Digitar Dados dos Ensaios"))<>"",INDIRECT(ADDRESS(($AL96),COLUMN()+23,,,"Digitar Dados dos Ensaios")),"")) -> 1 | AK96: =AK95 -> 7 | AL96: =AL95 -> 7 | AM96: =IF(ISNUMBER(AM93),AM93-$AS93,"") | AN96: =IF(ISNUMBER(AN93),AN93-$AS93,"") -> -0.010445431 | AO96: =IF(ISNUMBER(AO93),AO93-$AS93,"") -> 0.0046901049 | AP96: =IF(ISNUMBER(AP93),AP93-$AS93,"") -> 0.019825641 | AQ96: =IF(ISNUMBER(AQ93),AQ93-$AS93,"") -> 0.034961177 | AR96: =IF(ISNUMBER(AR93),AR93-$AS93,"") -> -0.049031491 | AT96: =IF(ISERROR(AM97*AM98),"",AM97*AM98) | AU96: =IF(ISERROR(AN97*AN98),"",AN97*AN98) | AV96: =IF(ISERROR(AO97*AO98),"",AO97*AO98) | AW96: =IF(ISERROR(AP97*AP98),"",AP97*AP98) | AX96: =IF(ISERROR(AQ97*AQ98),"",AQ97*AQ98) | AY96: =IF(ISERROR(AR97*AR98),"",AR97*AR98) | AZ96: =SUM(AT96:AY96) -> 0 | BD96: 2.54 | BE96: 2.54 | BF96: 2.54 | BG96: =IF(BG95<>"",BG95,"") -> 55.762274 | BH96: 0 | BI96: =IF(D106<>"",D106,"") -> 28.217054 | BJ96: =IF(ISNUMBER(BJ94),BJ93-BR93,"") -> -3.02 | BK96: =IF(ISNUMBER(BK94),BK93-BR93,"") -> -2.38 | BL96: =IF(ISNUMBER(BL94),BL93-BR93,"") -> -1.75 | BM96: =IF(ISNUMBER(BM94),BM93-BR93,"") -> -1.11 | BN96: =IF(ISNUMBER(BN94),BN93-BR93,"") -> 0.16 | BO96: =IF(ISNUMBER(BO94),BO93-BR93,"") -> 1.43 | BP96: =IF(ISNUMBER(BP94),BP93-BR93,"") -> 2.7 | BQ96: =IF(ISNUMBER(BQ94),BQ93-BR93,"") -> 3.97 | BR96: =IF(BJ96<>"",SUM(BJ96:BQ96),"") -> 0 | BS96: =IF(ISERROR(BJ96*BJ98),"",BJ96*BJ98) -> 55.721114 | BT96: =IF(ISERROR(BK96*BK98),"",BK96*BK98) -> 41.018586 | BU96: =IF(ISERROR(BL96*BL98),"",BL96*BL98) -> 26.6658 | BV96: =IF(ISERROR(BM96*BM98),"",BM96*BM98) -> 13.75956 | BW96: =IF(ISERROR(BN96*BN98),"",BN96*BN98) -> -0.69304 | BX96: =IF(ISERROR(BO96*BO98),"",BO96*BO98) -> 9.951084 | BY96: =IF(ISERROR(BP96*BP98),"",BP96*BP98) -> 57.98223 | BZ96: =IF(ISERROR(BQ96*BQ98),"",BQ96*BQ98) -> 155.6907 | CA96: =IF(BS96<>"",SUM(BS96:BZ96),"") -> 360.09603 | CB96: =IF(CB94="","",IF(CB94>0,(BV97*CB95)+BV98,-1)) -> -1 | CC96: =IF(CB94="","",IF(CB94>0,(BV97*CC95)+BV98,-1)) -> -1 | CD96: =IF(CB94="","",IF(CB94>0,(BV97*CD95)+BV98,-1)) -> -1 | CE96: =IF(CB94="","",IF(CB94>0,(BV97*CE95)+BV98,-1)) -> -1 | CF96: =IF(CB94="","",IF(CB94>0,(BV97*CF95)+BV98,-1)) -> -1 | CG96: =IF(CB94="","",IF(CB94>0,(BV97*CG95)+BV98,-1)) -> -1 | CH96: =IF(CB94="","",IF(CB94>0,(BV97*CH95)+BV98,-1)) -> -1 | CI96: =IF(CB94="","",IF(CB94>0,(BV97*CI95)+BV98,-1)) -> -1 | CJ96: =IF(CB94="","",IF(CB94>0,(BV97*CJ95)+BV98,-1)) -> -1
B97: =IF(ISNUMBER(B96),B96+1,"") | C97: =IF(OR($N$8="",$N$8=0),"",IF(INDIRECT(ADDRESS(($AK97),COLUMN()+21,,,"Digitar Dados dos Ensaios"))<>"",INDIRECT(ADDRESS(($AK97),COLUMN()+21,,,"Digitar Dados dos Ensaios")),"")) | D97: =IF(OR($N$8="",$N$8=0),"",IF(INDIRECT(ADDRESS(($AL97),COLUMN()+24,,,"Digitar Dados dos Ensaios"))<>"",INDIRECT(ADDRESS(($AL97),COLUMN()+24,,,"Digitar Dados dos Ensaios")),"")) -> 1 | AK97: =AK96 -> 7 | AL97: =AL96 -> 7 | AM97: =IF(ISNUMBER(AM94),AM94-$AS94,"") | AN97: =IF(ISNUMBER(AN94),AN94-$AS94,"") -> #REF! | AO97: =IF(ISNUMBER(AO94),AO94-$AS94,"") -> #REF! | AP97: =IF(ISNUMBER(AP94),AP94-$AS94,"") -> #REF! | AQ97: =IF(ISNUMBER(AQ94),AQ94-$AS94,"") | AR97: =IF(ISNUMBER(AR94),AR94-$AS94,"") | AT97: =IF(ISERROR(AM96*AM98),"",AM96*AM98) | AU97: =IF(ISERROR(AN96*AN98),"",AN96*AN98) -> 1.8230508e-05 | AV97: =IF(ISERROR(AO96*AO98),"",AO96*AO98) -> -1.633017e-06 | AW97: =IF(ISERROR(AP96*AP98),"",AP96*AP98) -> 2.9879447e-05 | AX97: =IF(ISERROR(AQ96*AQ98),"",AQ96*AQ98) -> 0.00013357179 | AY97: =IF(ISERROR(AR96*AR98),"",AR96*AR98) -> 0.00015857732 | AZ97: =SUM(AT97:AY97) -> 0.00033862606 | BA97: ISC | BD97: 3.81 | BE97: 3.81 | BF97: 3.81 | BG97: =IF(BG96<>"",BG96,"") -> 55.762274 | BH97: 0 | BI97: =IF(D107<>"",D107,"") -> 36.692506 | BJ97: =IF(ISNUMBER(BJ94),BJ94-BR94,"") -> -22.435401 | BK97: =IF(ISNUMBER(BK94),BK94-BR94,"") -> -15.562016 | BL97: =IF(ISNUMBER(BL94),BL94-BR94,"") -> -11.169251 | BM97: =IF(ISNUMBER(BM94),BM94-BR94,"") -> -4.1408269 | BN97: =IF(ISNUMBER(BN94),BN94-BR94,"") -> 4.3346253 | BO97: =IF(ISNUMBER(BO94),BO94-BR94,"") -> 9.9677003 | BP97: =IF(ISNUMBER(BP94),BP94-BR94,"") -> 15.600775 | BQ97: =IF(ISNUMBER(BQ94),BQ94-BR94,"") -> 23.404393 | BR97: =IF(BJ97<>"",SUM(BJ97:BQ97),"") -> 0 | BS97: A | BT97: =IF(BR99<>"",(CA94*CA96-CA95*BR99)/(CA96^2-CA93*BR99),"") -> -0.41782343 | BU97: M | BV97: =IF(BX97<>"",SLOPE(BX97:BX98,BW97:BW98),"") -> 6.5304091 | BW97: 2.54 | BX97: =IF(BT97<>"",BT97*BW97^2+BT98*BW97+BT99,"") -> 26.754432 | BY97: 2.54 | BZ97: 5.08 | CB97: =IF(CB94="","",IF(CB94>0,CE93,-1)) -> -1 | CC97: =IF(CB94="","",IF(CB94>0,CE93,-1)) -> -1 | CD97: =IF(CB94="","",IF(CB94>0,CH96,-1)) -> -1 | CE97: =IF(CB94="","",IF(CB94>0,CH96,-1)) -> -1 | CF97: =IF(CB94="","",IF(CB94>0,CF93,-1)) -> -1 | CG97: =IF(CB94="","",IF(CB94>0,CF93,-1)) -> -1 | CH97: =IF(CB94="","",IF(CB94>0,CF93,-1)) -> -1 | CI97: =IF(CB94="","",IF(CB94>0,CF93,-1)) -> -1
B98: =IF(ISNUMBER(B97),B97+1,"") | C98: =IF(OR($N$8="",$N$8=0),"",IF(INDIRECT(ADDRESS(($AK98),COLUMN()+22,,,"Digitar Dados dos Ensaios"))<>"",INDIRECT(ADDRESS(($AK98),COLUMN()+22,,,"Digitar Dados dos Ensaios")),"")) | D98: =IF(OR($N$8="",$N$8=0),"",IF(INDIRECT(ADDRESS(($AL98),COLUMN()+25,,,"Digitar Dados dos Ensaios"))<>"",INDIRECT(ADDRESS(($AL98),COLUMN()+25,,,"Digitar Dados dos Ensaios")),"")) -> 1.16 | AK98: =AK97 -> 7 | AL98: =AL97 -> 7 | AM98: =IF(ISNUMBER(AM95),AM95-$AS95,"") | AN98: =IF(ISNUMBER(AN95),AN95-$AS95,"") -> -0.0017453093 | AO98: =IF(ISNUMBER(AO95),AO95-$AS95,"") -> -0.00034818348 | AP98: =IF(ISNUMBER(AP95),AP95-$AS95,"") -> 0.0015071113 | AQ98: =IF(ISNUMBER(AQ95),AQ95-$AS95,"") -> 0.0038205749 | AR98: =IF(ISNUMBER(AR95),AR95-$AS95,"") -> -0.0032341934 | BA98: x | BB98: y | BD98: 5.08 | BE98: 5.08 | BF98: 5.08 | BG98: =IF(BG97<>"",BG97,"") -> 55.762274 | BH98: 0 | BI98: =IF(D108<>"",D108,"") -> 42.325581 | BJ98: =IF(ISNUMBER(BJ95),BJ95-BR95,"") -> -18.4507 | BK98: =IF(ISNUMBER(BK95),BK95-BR95,"") -> -17.2347 | BL98: =IF(ISNUMBER(BL95),BL95-BR95,"") -> -15.2376 | BM98: =IF(ISNUMBER(BM95),BM95-BR95,"") -> -12.396 | BN98: =IF(ISNUMBER(BN95),BN95-BR95,"") -> -4.3315 | BO98: =IF(ISNUMBER(BO95),BO95-BR95,"") -> 6.9588 | BP98: =IF(ISNUMBER(BP95),BP95-BR95,"") -> 21.4749 | BQ98: =IF(ISNUMBER(BQ95),BQ95-BR95,"") -> 39.2168 | BR98: =IF(BJ98<>"",SUM(BJ98:BQ98),"") -> 0 | BS98: B | BT98: =IF(BT97<>"",(CA95-BT97*CA93)/CA96,"") -> 9.7142236 | BU98: B | BV98: =IF(BX97<>"",INTERCEPT(BX97:BX98,BW97:BW98),"") -> 10.167193 | BW98: 5.08 | BX98: =IF(BT97<>"",BT97*BW98^2+BT98*BW98+BT99,"") -> 43.341671 | BY98: =IF(CB94="","",IF(CB94>0,CE93,"")) | BZ98: =IF(CB94="","",IF(CB94>0,CF93,"")) | CB98: 0 | CC98: =IF(CB94="","",IF(CB94>0,CH94,-1)) -> -1 | CD98: =IF(CB94="","",IF(CB94>0,CH95,-1)) -> -1 | CE98: =IF(CB94="","",IF(CB94>0,CD94,-1)) -> -1 | CF98: =IF(CB94="","",IF(CB94>0,CD94,-1)) -> -1 | CG98: =IF(CB94="","",IF(CB94>0,CD94,-1)) -> -1 | CH98: 0 | CI98: =IF(CB94="","",IF(CB94>0,CD94,-1)) -> -1
B99: Diferença | D99: =IF(ISNUMBER(D95),MAX(D95:D98)-MIN(D95:D98),"") -> 0.16 | E99: =IF(ISNUMBER(C93),D99/D100*10,"") -> 0.13961606 | AM99: =IF(OR(AM93="",AM93=0),NA(),AM93) -> #N/A | AN99: =IF(OR(AN93="",AN93=0),NA(),AN93) -> 0.03858606 | AO99: =IF(OR(AO93="",AO93=0),NA(),AO93) -> 0.053721596 | AP99: =IF(OR(AP93="",AP93=0),NA(),AP93) -> 0.068857132 | AQ99: =IF(OR(AQ93="",AQ93=0),NA(),AQ93) -> 0.083992668 | AR99: =IF(OR(AR93="",AR93=0),NA(),AR93) -> #N/A | AT99: a | AU99: =(AZ95*AZ97-AZ96*AZ93)/(AZ97^2-AZ94*AZ93) -> 0 | AV99: b | AW99: =(AZ96-AU99*AZ94)/AZ97 -> 0 | AX99: c | AY99: =AS94-AW99*AS93-AU99*AS95 -> #REF! | BA99: 0 | BB99: =BB94 -> #REF! | BD99: 6.35 | BE99: 6.35 | BF99: 6.35 | BG99: =IF(BG98<>"",BG98,"") -> 55.762274 | BH99: 0 | BI99: =IF(D109<>"",D109,"") -> 47.958656 | BJ99: =IF(ISNUMBER(BJ96),BJ96^2,"") -> 9.1204 | BK99: =IF(ISNUMBER(BK96),BK96^2,"") -> 5.6644 | BL99: =IF(ISNUMBER(BL96),BL96^2,"") -> 3.0625 | BM99: =IF(ISNUMBER(BM96),BM96^2,"") -> 1.2321 | BN99: =IF(ISNUMBER(BN96),BN96^2,"") -> 0.0256 | BO99: =IF(ISNUMBER(BO96),BO96^2,"") -> 2.0449 | BP99: =IF(ISNUMBER(BP96),BP96^2,"") -> 7.29 | BQ99: =IF(ISNUMBER(BQ96),BQ96^2,"") -> 15.7609 | BR99: =IF(BJ99<>"",SUM(BJ99:BQ99),"") -> 44.2008 | BS99: C | BT99: =IF(BT97<>"",BR94-BT98*BR93-BT97*BR95,"") -> 4.7759338 | BY99: =IF(CB94="","",IF(CB94>0,BY98/70.31,"")) | BZ99: =IF(CB94="","",IF(CB94>0,BZ98/105.46,"")) | CB99: 2.54 | CC99: =IF(BM94<>"",BM94/70.31,"") -> 0.40132349 | CD99: 5.08 | CE99: =IF(BO94<>"",BO94/105.46,"") -> 0.40134251 | CF99: =IF(CH99<>"",MAX(CH99,CJ99),"") -> 40.134251 | CG99: 2.54 | CH99: =IF(BM94<>"",MAX(BY99,CC99)*100,"") -> 40.132349 | CI99: 5.08 | CJ99: =IF(BO94<>"",MAX(BZ99,CE99)*100,"") -> 40.134251
B100: Altura do Cilindro | D100: =IF(C93<>"",LOOKUP(C93,Tara!$G$6:$G$185,Tara!$J$6:$J$185)/10,"") -> 11.46 | AM100: =IF(OR(AM94="",AM94=0),NA(),AM94) -> #N/A | AN100: =IF(OR(AN94="",AN94=0),NA(),AN94) -> 40.134251 | AO100: =IF(OR(AO94="",AO94=0),NA(),AO94) -> 53.806359 | AP100: =IF(OR(AP94="",AP94=0),NA(),AP94) -> 44.248487 | AQ100: =IF(OR(AQ94="",AQ94=0),NA(),AQ94) -> #N/A | AR100: =IF(OR(AR94="",AR94=0),NA(),AR94) -> #REF! | BA100: =BB93 -> 0.057765822 | BB100: =BB99 -> #REF! | BD100: 7.62 | BE100: 7.62 | BF100: 7.62 | BG100: =IF(BG99<>"",BG99,"") -> 55.762274 | BH100: 0 | BI100: =IF(D110<>"",D110,"") -> 55.762274 | CG100: 0.63 | CH100: 0.63 | CI100: 0 | CJ100: =IF(BI93<>"",MAX(BI93:BI100),"") -> 55.762274
A101: Penet. (mm) | B101: Tempo(min) | C101: Leitura | D101: Pressão (kgf/cm²) | E101: I.S.C. | BA101: =BA100 -> 0.057765822 | BB101: 0 | CG101: 1.27 | CH101: 1.27 | CI101: 0 | CJ101: =IF(CJ100<>"",CJ100,"") -> 55.762274
AM102: =IF(AL10=TRUE,MAX(AL13),IF(AL10=FALSE,"")) -> 0.023450524 | AN102: =IF(AM10=TRUE,MAX(AM13),IF(AM10=FALSE,"")) -> 0.03858606 | AO102: =IF(AU7=TRUE,D91,IF(AN10=TRUE,MAX(AN13),IF(AN10=FALSE,""))) -> 0.053721596 | AP102: =IF(AO10=TRUE,MAX(AO13),IF(AO10=FALSE,"")) -> 0.068857132 | AQ102: =IF(AP10=TRUE,MAX(AP13),IF(AP10=FALSE,"")) -> 0.083992668 | AR102: =IF(AQ10=TRUE,MAX(AQ13),IF(AQ10=FALSE,"")) -> 0 | AS102: =AVERAGE(AM102:AR102) -> 0.044767997 | AT102: =IF(ISNUMBER(AM105),AM105^2,"") -> 0.00045443463 | AU102: =IF(ISNUMBER(AN105),AN105^2,"") -> 3.821634e-05 | AV102: =IF(ISNUMBER(AO105),AO105^2,"") -> 8.0166941e-05 | AW102: =IF(ISNUMBER(AP105),AP105^2,"") -> 0.00058028644 | AX102: =IF(ISNUMBER(AQ105),AQ105^2,"") -> 0.0015385748 | AY102: =IF(ISNUMBER(AR105),AR105^2,"") -> 0.0020041735 | AZ102: =SUM(AT102:AY102) -> 0.0046958527 | BA102: x= | BB102: =IF(AU8=TRUE,IF(BA13<>"",BA13,""),IF(AU8=FALSE,D91)) -> 0.057765822 | CG102: 1.9 | CH102: 1.9 | CI102: 0 | CJ102: =IF(CJ101<>"",CJ101,"") -> 55.762274
A103: 0.63 | B103: 0.5 | C103: =IF(OR($N$8="",$N$8=0),"",IF(INDIRECT(ADDRESS(($AK103),COLUMN()+27,,,"Digitar Dados dos Ensaios"))<>"",INDIRECT(ADDRESS(($AK103),COLUMN()+27,,,"Digitar Dados dos Ensaios")),"")) -> 192 | D103: =IF(C103<>"",C103/$A$94,"") -> 9.9224806 | AK103: =AK7+3 -> 7 | AN103: =IF(AN102<>"",E99,"") -> 0.13961606 | AO103: =IF(AO102<>"",E118,"") -> 0.052447552 | AP103: =IF(AP102<>"",E137,"") -> 0.043744532 | AR103: =IF(AR102<>"",#REF!,"") -> #REF! | AS103: =AVERAGE(AM103:AR103) -> #REF! | AT103: =IF(ISNUMBER(AM107),AM107^2,"") -> 5.0036705e-06 | AU103: =IF(ISNUMBER(AN107),AN107^2,"") -> 1.6846265e-06 | AV103: =IF(ISNUMBER(AO107),AO107^2,"") -> 9.8394965e-09 | AW103: =IF(ISNUMBER(AP107),AP107^2,"") -> 3.8200272e-06 | AX103: =IF(ISNUMBER(AQ107),AQ107^2,"") -> 1.821542e-05 | AY103: =IF(ISNUMBER(AR107),AR107^2,"") -> 7.7663415e-06 | AZ103: =SUM(AT103:AY103) -> 3.6499925e-05 | BA103: y= | BB103: =IF(AU7=TRUE,AO103,(AU108*BB102^2+AW108*BB102+AY108)) -> #REF! | CG103: 2.54 | CH103: 2.54 | CI103: 0 | CJ103: =IF(CJ102<>"",CJ102,"") -> 55.762274
A104: 1.27 | B104: 1 | C104: =IF(OR($N$8="",$N$8=0),"",IF(INDIRECT(ADDRESS(($AK104),COLUMN()+28,,,"Digitar Dados dos Ensaios"))<>"",INDIRECT(ADDRESS(($AK104),COLUMN()+28,,,"Digitar Dados dos Ensaios")),"")) -> 325 | D104: =IF(C104<>"",C104/$A$94,"") -> 16.795866 | E104: =IF(E105="","","Corrigido") | AK104: =AK103 -> 7 | AM104: =IF(ISNUMBER(AM102),AM102^2,"") -> 0.00054992709 | AN104: =IF(ISNUMBER(AN102),AN102^2,"") -> 0.001488884 | AO104: =IF(ISNUMBER(AO102),AO102^2,"") -> 0.0028860099 | AP104: =IF(ISNUMBER(AP102),AP102^2,"") -> 0.0047413046 | AQ104: =IF(ISNUMBER(AQ102),AQ102^2,"") -> 0.0070547683 | AR104: =IF(ISNUMBER(AR102),AR102^2,"") -> 0 | AS104: =AVERAGE(AM104:AR104) -> 0.0027868157 | AT104: =IF(ISERROR(AM106*AM106),"",AM105*AM106) | AU104: =IF(ISERROR(AN106*AN106),"",AN105*AN106) | AV104: =IF(ISERROR(AO106*AO106),"",AO105*AO106) | AW104: =IF(ISERROR(AP106*AP106),"",AP105*AP106) | AX104: =IF(ISERROR(AQ106*AQ106),"",AQ105*AQ106) | AY104: =IF(ISERROR(AR106*AR106),"",AR105*AR106) | AZ104: =SUM(AT104:AY104) -> 0 | CG104: 3.81 | CH104: 3.81 | CI104: 0 | CJ104: =IF(CJ103<>"",CJ103,"") -> 55.762274
A105: 1.9 | B105: 1.5 | C105: =IF(OR($N$8="",$N$8=0),"",IF(INDIRECT(ADDRESS(($AK105),COLUMN()+29,,,"Digitar Dados dos Ensaios"))<>"",INDIRECT(ADDRESS(($AK105),COLUMN()+29,,,"Digitar Dados dos Ensaios")),"")) -> 410 | D105: =IF(C105<>"",C105/$A$94,"") -> 21.18863 | E105: =IF(BY99="","",IF(BY99>0,BY99,"")) | AK105: =AK104 -> 7 | AM105: =IF(ISNUMBER(AM102),AM102-$AS102,"") -> -0.021317472 | AN105: =IF(ISNUMBER(AN102),AN102-$AS102,"") -> -0.0061819366 | AO105: =IF(ISNUMBER(AO102),AO102-$AS102,"") -> 0.0089535994 | AP105: =IF(ISNUMBER(AP102),AP102-$AS102,"") -> 0.024089135 | AQ105: =IF(ISNUMBER(AQ102),AQ102-$AS102,"") -> 0.039224671 | AR105: =IF(ISNUMBER(AR102),AR102-$AS102,"") -> -0.044767997 | AT105: =IF(ISERROR(AM106*AM107),"",AM106*AM107) | AU105: =IF(ISERROR(AN106*AN107),"",AN106*AN107) | AV105: =IF(ISERROR(AO106*AO107),"",AO106*AO107) | AW105: =IF(ISERROR(AP106*AP107),"",AP106*AP107) | AX105: =IF(ISERROR(AQ106*AQ107),"",AQ106*AQ107) | AY105: =IF(ISERROR(AR106*AR107),"",AR106*AR107) | AZ105: =SUM(AT105:AY105) -> 0 | BA105: Expansão | CG105: 5.08 | CH105: 5.08 | CI105: 0 | CJ105: =IF(CJ104<>"",CJ104,"") -> 55.762274
A106: 2.54 | B106: 2 | C106: =IF(OR($N$8="",$N$8=0),"",IF(INDIRECT(ADDRESS(($AK106),COLUMN()+30,,,"Digitar Dados dos Ensaios"))<>"",INDIRECT(ADDRESS(($AK106),COLUMN()+30,,,"Digitar Dados dos Ensaios")),"")) -> 546 | D106: =IF(C106<>"",C106/$A$94,"") -> 28.217054 | E106: =IF(C106<>"",D106/70.31,"") -> 0.40132349 | AK106: =AK105 -> 7 | AM106: =IF(ISNUMBER(AM103),AM103-$AS103,"") | AN106: =IF(ISNUMBER(AN103),AN103-$AS103,"") -> #REF! | AO106: =IF(ISNUMBER(AO103),AO103-$AS103,"") -> #REF! | AP106: =IF(ISNUMBER(AP103),AP103-$AS103,"") -> #REF! | AQ106: =IF(ISNUMBER(AQ103),AQ103-$AS103,"") | AR106: =IF(ISNUMBER(AR103),AR103-$AS103,"") | AT106: =IF(ISERROR(AM105*AM107),"",AM105*AM107) -> 4.768481e-05 | AU106: =IF(ISERROR(AN105*AN107),"",AN105*AN107) -> 8.0237309e-06 | AV106: =IF(ISERROR(AO105*AO107),"",AO105*AO107) -> 8.8814545e-07 | AW106: =IF(ISERROR(AP105*AP107),"",AP105*AP107) -> 4.7081949e-05 | AX106: =IF(ISERROR(AQ105*AQ107),"",AQ105*AQ107) -> 0.00016740904 | AY106: =IF(ISERROR(AR105*AR107),"",AR105*AR107) -> 0.00012476015 | AZ106: =SUM(AT106:AY106) -> 0.00039584783 | BA106: x | BB106: y | CG106: 6.35 | CH106: 6.35 | CI106: 0 | CJ106: =IF(CJ105<>"",CJ105,"") -> 55.762274
A107: 3.81 | B107: 3 | C107: =IF(OR($N$8="",$N$8=0),"",IF(INDIRECT(ADDRESS(($AK107),COLUMN()+31,,,"Digitar Dados dos Ensaios"))<>"",INDIRECT(ADDRESS(($AK107),COLUMN()+31,,,"Digitar Dados dos Ensaios")),"")) -> 710 | D107: =IF(C107<>"",C107/$A$94,"") -> 36.692506 | AK107: =AK106 -> 7 | AM107: =IF(ISNUMBER(AM104),AM104-$AS104,"") -> -0.0022368886 | AN107: =IF(ISNUMBER(AN104),AN104-$AS104,"") -> -0.0012979316 | AO107: =IF(ISNUMBER(AO104),AO104-$AS104,"") -> 9.9194236e-05 | AP107: =IF(ISNUMBER(AP104),AP104-$AS104,"") -> 0.001954489 | AQ107: =IF(ISNUMBER(AQ104),AQ104-$AS104,"") -> 0.0042679526 | AR107: =IF(ISNUMBER(AR104),AR104-$AS104,"") -> -0.0027868157 | BA107: 0 | BB107: =BB103 -> #REF! | CG107: 7.62 | CH107: 7.62 | CI107: 0 | CJ107: =IF(CJ106<>"",CJ106,"") -> 55.762274
A108: 5.08 | B108: 4 | C108: =IF(OR($N$8="",$N$8=0),"",IF(INDIRECT(ADDRESS(($AK108),COLUMN()+32,,,"Digitar Dados dos Ensaios"))<>"",INDIRECT(ADDRESS(($AK108),COLUMN()+32,,,"Digitar Dados dos Ensaios")),"")) -> 819 | D108: =IF(C108<>"",C108/$A$94,"") -> 42.325581 | E108: =IF(C108<>"",D108/105.46,"") -> 0.40134251 | AK108: =AK107 -> 7 | AM108: =IF(OR(AM102="",AM102=0),NA(),AM102) -> 0.023450524 | AN108: =IF(OR(AN102="",AN102=0),NA(),AN102) -> 0.03858606 | AO108: =IF(OR(AO102="",AO102=0),NA(),AO102) -> 0.053721596 | AP108: =IF(OR(AP102="",AP102=0),NA(),AP102) -> 0.068857132 | AQ108: =IF(OR(AQ102="",AQ102=0),NA(),AQ102) -> 0.083992668 | AR108: =IF(OR(AR102="",AR102=0),NA(),AR102) -> #N/A | AT108: a | AU108: =(AZ104*AZ106-AZ105*AZ102)/(AZ106^2-AZ103*AZ102) -> 0 | AV108: b | AW108: =(AZ105-AU108*AZ103)/AZ106 -> 0 | AX108: c | AY108: =AS103-AW108*AS102-AU108*AS104 -> #REF! | BA108: =BB102 -> 0.057765822 | BB108: =BB107 -> #REF!
A109: 6.35 | B109: 5 | C109: =IF(OR($N$8="",$N$8=0),"",IF(INDIRECT(ADDRESS(($AK109),COLUMN()+33,,,"Digitar Dados dos Ensaios"))<>"",INDIRECT(ADDRESS(($AK109),COLUMN()+33,,,"Digitar Dados dos Ensaios")),"")) -> 928 | D109: =IF(C109<>"",C109/$A$94,"") -> 47.958656 | E109: =IF(E110="","","Corrigido") | AK109: =AK108 -> 7 | AM109: =IF(OR(AM103="",AM103=0),NA(),AM103) -> #N/A | AN109: =IF(OR(AN103="",AN103=0),NA(),AN103) -> 0.13961606 | AO109: =IF(OR(AO103="",AO103=0),NA(),AO103) -> 0.052447552 | AP109: =IF(OR(AP103="",AP103=0),NA(),AP103) -> 0.043744532 | AQ109: =IF(OR(AQ103="",AQ103=0),NA(),AQ103) -> #N/A | AR109: =IF(OR(AR103="",AR103=0),NA(),AR103) -> #REF! | BA109: =BA108 -> 0.057765822 | BB109: 0
A110: 7.62 | B110: 6 | C110: =IF(OR($N$8="",$N$8=0),"",IF(INDIRECT(ADDRESS(($AK110),COLUMN()+34,,,"Digitar Dados dos Ensaios"))<>"",INDIRECT(ADDRESS(($AK110),COLUMN()+34,,,"Digitar Dados dos Ensaios")),"")) -> 1079 | D110: =IF(C110<>"",C110/$A$94,"") -> 55.762274 | E110: =IF(BZ99="","",IF(BZ99>0,BZ99,"")) | AK110: =AK109 -> 7
A112: Cilindro nº | C112: =IF(OR($N$8="",$N$8=0),"",IF(INDIRECT(ADDRESS(($AK112),COLUMN()+18,,,"Digitar Dados dos Ensaios"))<>"",INDIRECT(ADDRESS(($AK112),COLUMN()+18,,,"Digitar Dados dos Ensaios")),"")) -> 46 | E112: EXPANSÃO | AK112: =AK93+1 -> 8 | BD112: 0.63 | BE112: 0.63 | BF112: 0.63 | BG112: =IF(D129<>"",D129,"") -> 71.886305 | BH112: 0 | BI112: =IF(D122<>"",D122,"") -> 10.387597 | BJ112: 0.63 | BK112: 1.27 | BL112: 1.9 | BM112: 2.54 | BN112: 3.81 | BO112: 5.08 | BP112: 6.35 | BQ112: 7.62 | BR112: =IF(BJ113<>"",AVERAGE(BJ112:BQ112),"") -> 3.65 | BS112: =IF(ISNUMBER(BJ117),BJ117^2,"") -> 340.42833 | BT112: =IF(ISNUMBER(BK117),BK117^2,"") -> 297.03488 | BU112: =IF(ISNUMBER(BL117),BL117^2,"") -> 232.18445 | BV112: =IF(ISNUMBER(BM117),BM117^2,"") -> 153.66082 | BW112: =IF(ISNUMBER(BN117),BN117^2,"") -> 18.761892 | BX112: =IF(ISNUMBER(BO117),BO117^2,"") -> 48.424897 | BY112: =IF(ISNUMBER(BP117),BP117^2,"") -> 461.17133 | BZ112: =IF(ISNUMBER(BQ117),BQ117^2,"") -> 1537.9574 | CA112: =IF(BS112<>"",SUM(BS112:BZ112),"") -> 3089.624 | CB112: 0 | CC112: =IF(CB113="","",IF(CB113>0,CF115,-1)) -> -1 | CD112: =IF(CB113="","",IF(CB113>0,CH115,-1)) -> -1 | CE112: =IF(CB113="","",IF(CB113>0,(BV116*CE113)+BV117,-1)) -> -1 | CF112: =IF(CB113="","",IF(CB113>0,(BV116*CF113)+BV117,-1)) -> -1 | CG112: =IF(CB113="","",IF(CB113>0,CF115,-1)) -> -1 | CH112: =IF(CB113="","",IF(CB113>0,CF115,-1)) -> -1 | CI112: =IF(CB113="","",IF(CB113>0,CF115,-1)) -> -1 | CJ112: =IF(CB113="","",IF(CB113>0,CE112,-1)) -> -1
A113: =IF(OR($N$8="",$N$8=0),"",IF(INDIRECT(ADDRESS(($AK113),COLUMN()+22,,,"Digitar Dados dos Ensaios"))<>"",INDIRECT(ADDRESS(($AK113),COLUMN()+22,,,"Digitar Dados dos Ensaios")),"")) -> 19.35 | B113: Data | C113: Hora | D113: Leitura | AK113: =AK94 -> 9 | AL113: =AL95+1 -> 8 | BD113: 1.27 | BE113: 1.27 | BF113: 1.27 | BG113: =IF(BG112<>"",BG112,"") -> 71.886305 | BH113: 0 | BI113: =IF(D123<>"",D123,"") -> 21.757106 | BJ113: =IF(ISNUMBER($BI112),$BI112,"") -> 10.387597 | BK113: =IF(ISNUMBER($BI113),$BI113,"") -> 21.757106 | BL113: =IF(ISNUMBER($BI114),$BI114,"") -> 32.144703 | BM113: =IF(ISNUMBER($BI115),$BI115,"") -> 37.829457 | BN113: =IF(ISNUMBER($BI116),$BI116,"") -> 47.286822 | BO113: =IF(ISNUMBER($BI117),$BI117,"") -> 56.744186 | BP113: =IF(ISNUMBER($BI118),$BI118,"") -> 65.271318 | BQ113: =IF(ISNUMBER($BI119),$BI119,"") -> 71.886305 | BR113: =IF(BJ113<>"",AVERAGE(BJ113:BQ113),"") -> 42.913437 | BS113: =IF(ISERROR(BJ115*BJ116),"",BJ115*BJ116) -> 98.228036 | BT113: =IF(ISERROR(BK115*BK116),"",BK115*BK116) -> 50.352067 | BU113: =IF(ISERROR(BL115*BL116),"",BL115*BL116) -> 18.845284 | BV113: =IF(ISERROR(BM115*BM116),"",BM115*BM116) -> 5.6432171 | BW113: =IF(ISERROR(BN115*BN116),"",BN115*BN116) -> 0.6997416 | BX113: =IF(ISERROR(BO115*BO116),"",BO115*BO116) -> 19.777972 | BY113: =IF(ISERROR(BP115*BP116),"",BP115*BP116) -> 60.366279 | BZ113: =IF(ISERROR(BQ115*BQ116),"",BQ115*BQ116) -> 115.02229 | CA113: =IF(BS113<>"",SUM(BS113:BZ113),"") -> 368.93488 | CB113: =IF(BV117<>"",(CB112-BV117)/BV116,"") -> -1.5994704 | CC113: =IF(CB113="","",IF(CB113>0,(CF114+CB113),-1)) -> -1 | CD113: =IF(CB113="","",IF(CB113>0,CH114+CB113,-1)) -> -1 | CE113: =IF(CB113="","",IF(CB113>0,CC113,-1)) -> -1 | CF113: =IF(CB113="","",IF(CB113>0,CD113,-1)) -> -1 | CG113: =IF(CB113="","",IF(CB113>0,CF114,-1)) -> -1 | CH113: =IF(CB113="","",IF(CB113>0,CC113,-1)) -> -1 | CI113: =IF(CB113="","",IF(CB113>0,CE113,-1)) -> -1 | CJ113: =IF(CB113="","",IF(CB113>0,CE113,-1)) -> -1
A114: Costante da Prensa | B114: =IF($K$78<>"",$K$78,"") | C114: =IF(OR($N$8="",$N$8=0),"",IF(INDIRECT(ADDRESS(($AK114),COLUMN()+19,,,"Digitar Dados dos Ensaios"))<>"",INDIRECT(ADDRESS(($AK114),COLUMN()+19,,,"Digitar Dados dos Ensaios")),"")) | D114: =IF(OR($N$8="",$N$8=0),"",IF(INDIRECT(ADDRESS(($AL114),COLUMN()+22,,,"Digitar Dados dos Ensaios"))<>"",INDIRECT(ADDRESS(($AL114),COLUMN()+22,,,"Digitar Dados dos Ensaios")),"")) -> 1 | AK114: =AK97 -> 7 | AL114: =AL113 -> 8 | BD114: 1.9 | BE114: 1.9 | BF114: 1.9 | BG114: =IF(BG113<>"",BG113,"") -> 71.886305 | BH114: 0 | BI114: =IF(D124<>"",D124,"") -> 32.144703 | BJ114: =IF(BJ113<>"",BJ112^2,"") -> 0.3969 | BK114: =IF(BK113<>"",BK112^2,"") -> 1.6129 | BL114: =IF(BL113<>"",BL112^2,"") -> 3.61 | BM114: =IF(BM113<>"",BM112^2,"") -> 6.4516 | BN114: =IF(BN113<>"",BN112^2,"") -> 14.5161 | BO114: =IF(BO113<>"",BO112^2,"") -> 25.8064 | BP114: =IF(BP113<>"",BP112^2,"") -> 40.3225 | BQ114: =IF(BQ113<>"",BQ112^2,"") -> 58.0644 | BR114: =IF(BJ114<>"",AVERAGE(BJ114:BQ114),"") -> 18.8476 | BS114: =IF(ISERROR(BJ116*BJ117),"",BJ116*BJ117) -> 600.12451 | BT114: =IF(ISERROR(BK116*BK117),"",BK116*BK117) -> 364.62301 | BU114: =IF(ISERROR(BL116*BL117),"",BL116*BL117) -> 164.08966 | BV114: =IF(ISERROR(BM116*BM117),"",BM116*BM117) -> 63.021008 | BW114: =IF(ISERROR(BN116*BN117),"",BN116*BN117) -> -18.943317 | BX114: =IF(ISERROR(BO116*BO117),"",BO116*BO117) -> 96.245419 | BY114: =IF(ISERROR(BP116*BP117),"",BP116*BP117) -> 480.13326 | BZ114: =IF(ISERROR(BQ116*BQ117),"",BQ116*BQ117) -> 1136.2232 | CA114: =IF(BS114<>"",SUM(BS114:BZ114),"") -> 2885.5167 | CB114: 0 | CC114: 0.63 | CD114: 1.27 | CE114: 1.9 | CF114: 2.54 | CG114: 3.81 | CH114: 5.08 | CI114: 6.35 | CJ114: 7.62
B115: =IF(ISNUMBER(B114),B114+1,"") | C115: =IF(OR($N$8="",$N$8=0),"",IF(INDIRECT(ADDRESS(($AK115),COLUMN()+20,,,"Digitar Dados dos Ensaios"))<>"",INDIRECT(ADDRESS(($AK115),COLUMN()+20,,,"Digitar Dados dos Ensaios")),"")) | D115: =IF(OR($N$8="",$N$8=0),"",IF(INDIRECT(ADDRESS(($AL115),COLUMN()+23,,,"Digitar Dados dos Ensaios"))<>"",INDIRECT(ADDRESS(($AL115),COLUMN()+23,,,"Digitar Dados dos Ensaios")),"")) -> 1 | AK115: =AK114 -> 7 | AL115: =AL114 -> 8 | BD115: 2.54 | BE115: 2.54 | BF115: 2.54 | BG115: =IF(BG114<>"",BG114,"") -> 71.886305 | BH115: 0 | BI115: =IF(D125<>"",D125,"") -> 37.829457 | BJ115: =IF(ISNUMBER(BJ113),BJ112-BR112,"") -> -3.02 | BK115: =IF(ISNUMBER(BK113),BK112-BR112,"") -> -2.38 | BL115: =IF(ISNUMBER(BL113),BL112-BR112,"") -> -1.75 | BM115: =IF(ISNUMBER(BM113),BM112-BR112,"") -> -1.11 | BN115: =IF(ISNUMBER(BN113),BN112-BR112,"") -> 0.16 | BO115: =IF(ISNUMBER(BO113),BO112-BR112,"") -> 1.43 | BP115: =IF(ISNUMBER(BP113),BP112-BR112,"") -> 2.7 | BQ115: =IF(ISNUMBER(BQ113),BQ112-BR112,"") -> 3.97 | BR115: =IF(BJ115<>"",SUM(BJ115:BQ115),"") -> 0 | BS115: =IF(ISERROR(BJ115*BJ117),"",BJ115*BJ117) -> 55.721114 | BT115: =IF(ISERROR(BK115*BK117),"",BK115*BK117) -> 41.018586 | BU115: =IF(ISERROR(BL115*BL117),"",BL115*BL117) -> 26.6658 | BV115: =IF(ISERROR(BM115*BM117),"",BM115*BM117) -> 13.75956 | BW115: =IF(ISERROR(BN115*BN117),"",BN115*BN117) -> -0.69304 | BX115: =IF(ISERROR(BO115*BO117),"",BO115*BO117) -> 9.951084 | BY115: =IF(ISERROR(BP115*BP117),"",BP115*BP117) -> 57.98223 | BZ115: =IF(ISERROR(BQ115*BQ117),"",BQ115*BQ117) -> 155.6907 | CA115: =IF(BS115<>"",SUM(BS115:BZ115),"") -> 360.09603 | CB115: =IF(CB113="","",IF(CB113>0,(BV116*CB114)+BV117,-1)) -> -1 | CC115: =IF(CB113="","",IF(CB113>0,(BV116*CC114)+BV117,-1)) -> -1 | CD115: =IF(CB113="","",IF(CB113>0,(BV116*CD114)+BV117,-1)) -> -1 | CE115: =IF(CB113="","",IF(CB113>0,(BV116*CE114)+BV117,-1)) -> -1 | CF115: =IF(CB113="","",IF(CB113>0,(BV116*CF114)+BV117,-1)) -> -1 | CG115: =IF(CB113="","",IF(CB113>0,(BV116*CG114)+BV117,-1)) -> -1 | CH115: =IF(CB113="","",IF(CB113>0,(BV116*CH114)+BV117,-1)) -> -1 | CI115: =IF(CB113="","",IF(CB113>0,(BV116*CI114)+BV117,-1)) -> -1 | CJ115: =IF(CB113="","",IF(CB113>0,(BV116*CJ114)+BV117,-1)) -> -1
B116: =IF(ISNUMBER(B115),B115+1,"") | C116: =IF(OR($N$8="",$N$8=0),"",IF(INDIRECT(ADDRESS(($AK116),COLUMN()+21,,,"Digitar Dados dos Ensaios"))<>"",INDIRECT(ADDRESS(($AK116),COLUMN()+21,,,"Digitar Dados dos Ensaios")),"")) | D116: =IF(OR($N$8="",$N$8=0),"",IF(INDIRECT(ADDRESS(($AL116),COLUMN()+24,,,"Digitar Dados dos Ensaios"))<>"",INDIRECT(ADDRESS(($AL116),COLUMN()+24,,,"Digitar Dados dos Ensaios")),"")) -> 1 | AK116: =AK115 -> 7 | AL116: =AL115 -> 8 | BD116: 3.81 | BE116: 3.81 | BF116: 3.81 | BG116: =IF(BG115<>"",BG115,"") -> 71.886305 | BH116: 0 | BI116: =IF(D126<>"",D126,"") -> 47.286822 | BJ116: =IF(ISNUMBER(BJ113),BJ113-BR113,"") -> -32.52584 | BK116: =IF(ISNUMBER(BK113),BK113-BR113,"") -> -21.156331 | BL116: =IF(ISNUMBER(BL113),BL113-BR113,"") -> -10.768734 | BM116: =IF(ISNUMBER(BM113),BM113-BR113,"") -> -5.0839793 | BN116: =IF(ISNUMBER(BN113),BN113-BR113,"") -> 4.373385 | BO116: =IF(ISNUMBER(BO113),BO113-BR113,"") -> 13.830749 | BP116: =IF(ISNUMBER(BP113),BP113-BR113,"") -> 22.357881 | BQ116: =IF(ISNUMBER(BQ113),BQ113-BR113,"") -> 28.972868 | BR116: =IF(BJ116<>"",SUM(BJ116:BQ116),"") -> -7.8159701e-14 | BS116: A | BT116: =IF(BR118<>"",(CA113*CA115-CA114*BR118)/(CA115^2-CA112*BR118),"") -> -0.7701332 | BU116: M | BV116: =IF(BX116<>"",SLOPE(BX116:BX117,BW116:BW117),"") -> 8.7525148 | BW116: 2.54 | BX116: =IF(BT116<>"",BT116*BW116^2+BT117*BW116+BT118,"") -> 36.230776 | BY116: 2.54 | BZ116: 5.08 | CB116: =IF(CB113="","",IF(CB113>0,CE112,-1)) -> -1 | CC116: =IF(CB113="","",IF(CB113>0,CE112,-1)) -> -1 | CD116: =IF(CB113="","",IF(CB113>0,CH115,-1)) -> -1 | CE116: =IF(CB113="","",IF(CB113>0,CH115,-1)) -> -1 | CF116: =IF(CB113="","",IF(CB113>0,CF112,-1)) -> -1 | CG116: =IF(CB113="","",IF(CB113>0,CF112,-1)) -> -1 | CH116: =IF(CB113="","",IF(CB113>0,CF112,-1)) -> -1 | CI116: =IF(CB113="","",IF(CB113>0,CF112,-1)) -> -1
B117: =IF(ISNUMBER(B116),B116+1,"") | C117: =IF(OR($N$8="",$N$8=0),"",IF(INDIRECT(ADDRESS(($AK117),COLUMN()+22,,,"Digitar Dados dos Ensaios"))<>"",INDIRECT(ADDRESS(($AK117),COLUMN()+22,,,"Digitar Dados dos Ensaios")),"")) | D117: =IF(OR($N$8="",$N$8=0),"",IF(INDIRECT(ADDRESS(($AL117),COLUMN()+25,,,"Digitar Dados dos Ensaios"))<>"",INDIRECT(ADDRESS(($AL117),COLUMN()+25,,,"Digitar Dados dos Ensaios")),"")) -> 1.06 | AK117: =AK116 -> 7 | AL117: =AL116 -> 8 | BD117: 5.08 | BE117: 5.08 | BF117: 5.08 | BG117: =IF(BG116<>"",BG116,"") -> 71.886305 | BH117: 0 | BI117: =IF(D127<>"",D127,"") -> 56.744186 | BJ117: =IF(ISNUMBER(BJ114),BJ114-BR114,"") -> -18.4507 | BK117: =IF(ISNUMBER(BK114),BK114-BR114,"") -> -17.2347 | BL117: =IF(ISNUMBER(BL114),BL114-BR114,"") -> -15.2376 | BM117: =IF(ISNUMBER(BM114),BM114-BR114,"") -> -12.396 | BN117: =IF(ISNUMBER(BN114),BN114-BR114,"") -> -4.3315 | BO117: =IF(ISNUMBER(BO114),BO114-BR114,"") -> 6.9588 | BP117: =IF(ISNUMBER(BP114),BP114-BR114,"") -> 21.4749 | BQ117: =IF(ISNUMBER(BQ114),BQ114-BR114,"") -> 39.2168 | BR117: =IF(BJ117<>"",SUM(BJ117:BQ117),"") -> 0 | BS117: B | BT117: =IF(BT116<>"",(CA114-BT116*CA112)/CA115,"") -> 14.62093 | BU117: B | BV117: =IF(BX116<>"",INTERCEPT(BX116:BX117,BW116:BW117),"") -> 13.999388 | BW117: 5.08 | BX117: =IF(BT116<>"",BT116*BW117^2+BT117*BW117+BT118,"") -> 58.462163 | BY117: =IF(CB113="","",IF(CB113>0,CE112,"")) | BZ117: =IF(CB113="","",IF(CB113>0,CF112,"")) | CB117: 0 | CC117: =IF(CB113="","",IF(CB113>0,CH113,-1)) -> -1 | CD117: =IF(CB113="","",IF(CB113>0,CH114,-1)) -> -1 | CE117: =IF(CB113="","",IF(CB113>0,CD113,-1)) -> -1 | CF117: =IF(CB113="","",IF(CB113>0,CD113,-1)) -> -1 | CG117: =IF(CB113="","",IF(CB113>0,CD113,-1)) -> -1 | CH117: 0 | CI117: =IF(CB113="","",IF(CB113>0,CD113,-1)) -> -1
B118: Diferença | D118: =IF(ISNUMBER(D114),MAX(D114:D117)-MIN(D114:D117),"") -> 0.06 | E118: =IF(ISNUMBER(C112),D118/D119*10,"") -> 0.052447552 | BD118: 6.35 | BE118: 6.35 | BF118: 6.35 | BG118: =IF(BG117<>"",BG117,"") -> 71.886305 | BH118: 0 | BI118: =IF(D128<>"",D128,"") -> 65.271318 | BJ118: =IF(ISNUMBER(BJ115),BJ115^2,"") -> 9.1204 | BK118: =IF(ISNUMBER(BK115),BK115^2,"") -> 5.6644 | BL118: =IF(ISNUMBER(BL115),BL115^2,"") -> 3.0625 | BM118: =IF(ISNUMBER(BM115),BM115^2,"") -> 1.2321 | BN118: =IF(ISNUMBER(BN115),BN115^2,"") -> 0.0256 | BO118: =IF(ISNUMBER(BO115),BO115^2,"") -> 2.0449 | BP118: =IF(ISNUMBER(BP115),BP115^2,"") -> 7.29 | BQ118: =IF(ISNUMBER(BQ115),BQ115^2,"") -> 15.7609 | BR118: =IF(BJ118<>"",SUM(BJ118:BQ118),"") -> 44.2008 | BS118: C | BT118: =IF(BT116<>"",BR113-BT117*BR112-BT116*BR114,"") -> 4.0622056 | BY118: =IF(CB113="","",IF(CB113>0,BY117/70.31,"")) | BZ118: =IF(CB113="","",IF(CB113>0,BZ117/105.46,"")) | CB118: 2.54 | CC118: =IF(BM113<>"",BM113/70.31,"") -> 0.53803808 | CD118: 5.08 | CE118: =IF(BO113<>"",BO113/105.46,"") -> 0.53806359 | CF118: =IF(CH118<>"",MAX(CH118,CJ118),"") -> 53.806359 | CG118: 2.54 | CH118: =IF(BM113<>"",MAX(BY118,CC118)*100,"") -> 53.803808 | CI118: 5.08 | CJ118: =IF(BO113<>"",MAX(BZ118,CE118)*100,"") -> 53.806359
B119: Altura do Cilindro | D119: =IF(C112<>"",LOOKUP(C112,Tara!$G$6:$G$185,Tara!$J$6:$J$185)/10,"") -> 11.44 | BD119: 7.62 | BE119: 7.62 | BF119: 7.62 | BG119: =IF(BG118<>"",BG118,"") -> 71.886305 | BH119: 0 | BI119: =IF(D129<>"",D129,"") -> 71.886305 | CG119: 0.63 | CH119: 0.63 | CI119: 0 | CJ119: =IF(BI112<>"",MAX(BI112:BI119),"") -> 71.886305
A120: Penet. (mm) | B120: Tempo(min) | C120: Leitura | D120: Pressão (kgf/cm²) | E120: I.S.C. | CG120: 1.27 | CH120: 1.27 | CI120: 0 | CJ120: =IF(CJ119<>"",CJ119,"") -> 71.886305
CG121: 1.9 | CH121: 1.9 | CI121: 0 | CJ121: =IF(CJ120<>"",CJ120,"") -> 71.886305
A122: 0.63 | B122: 0.5 | C122: =IF(OR($N$8="",$N$8=0),"",IF(INDIRECT(ADDRESS(($AK122),COLUMN()+27,,,"Digitar Dados dos Ensaios"))<>"",INDIRECT(ADDRESS(($AK122),COLUMN()+27,,,"Digitar Dados dos Ensaios")),"")) -> 201 | D122: =IF(C122<>"",C122/$A$113,"") -> 10.387597 | AK122: =AK103+1 -> 8 | CG122: 2.54 | CH122: 2.54 | CI122: 0 | CJ122: =IF(CJ121<>"",CJ121,"") -> 71.886305
A123: 1.27 | B123: 1 | C123: =IF(OR($N$8="",$N$8=0),"",IF(INDIRECT(ADDRESS(($AK123),COLUMN()+28,,,"Digitar Dados dos Ensaios"))<>"",INDIRECT(ADDRESS(($AK123),COLUMN()+28,,,"Digitar Dados dos Ensaios")),"")) -> 421 | D123: =IF(C123<>"",C123/$A$113,"") -> 21.757106 | E123: =IF(E124="","","Corrigido") | AK123: =AK122 -> 8 | CG123: 3.81 | CH123: 3.81 | CI123: 0 | CJ123: =IF(CJ122<>"",CJ122,"") -> 71.886305
A124: 1.9 | B124: 1.5 | C124: =IF(OR($N$8="",$N$8=0),"",IF(INDIRECT(ADDRESS(($AK124),COLUMN()+29,,,"Digitar Dados dos Ensaios"))<>"",INDIRECT(ADDRESS(($AK124),COLUMN()+29,,,"Digitar Dados dos Ensaios")),"")) -> 622 | D124: =IF(C124<>"",C124/$A$113,"") -> 32.144703 | E124: =IF(BY118="","",IF(BY118>0,BY118,"")) | AK124: =AK123 -> 8 | CG124: 5.08 | CH124: 5.08 | CI124: 0 | CJ124: =IF(CJ123<>"",CJ123,"") -> 71.886305
A125: 2.54 | B125: 2 | C125: =IF(OR($N$8="",$N$8=0),"",IF(INDIRECT(ADDRESS(($AK125),COLUMN()+30,,,"Digitar Dados dos Ensaios"))<>"",INDIRECT(ADDRESS(($AK125),COLUMN()+30,,,"Digitar Dados dos Ensaios")),"")) -> 732 | D125: =IF(C125<>"",C125/$A$113,"") -> 37.829457 | E125: =IF(C125<>"",D125/70.31,"") -> 0.53803808 | AK125: =AK124 -> 8 | CG125: 6.35 | CH125: 6.35 | CI125: 0 | CJ125: =IF(CJ124<>"",CJ124,"") -> 71.886305
A126: 3.81 | B126: 3 | C126: =IF(OR($N$8="",$N$8=0),"",IF(INDIRECT(ADDRESS(($AK126),COLUMN()+31,,,"Digitar Dados dos Ensaios"))<>"",INDIRECT(ADDRESS(($AK126),COLUMN()+31,,,"Digitar Dados dos Ensaios")),"")) -> 915 | D126: =IF(C126<>"",C126/$A$113,"") -> 47.286822 | AK126: =AK125 -> 8 | CG126: 7.62 | CH126: 7.62 | CI126: 0 | CJ126: =IF(CJ125<>"",CJ125,"") -> 71.886305
A127: 5.08 | B127: 4 | C127: =IF(OR($N$8="",$N$8=0),"",IF(INDIRECT(ADDRESS(($AK127),COLUMN()+32,,,"Digitar Dados dos Ensaios"))<>"",INDIRECT(ADDRESS(($AK127),COLUMN()+32,,,"Digitar Dados dos Ensaios")),"")) -> 1098 | D127: =IF(C127<>"",C127/$A$113,"") -> 56.744186 | E127: =IF(C127<>"",D127/105.46,"") -> 0.53806359 | AK127: =AK126 -> 8
A128: 6.35 | B128: 5 | C128: =IF(OR($N$8="",$N$8=0),"",IF(INDIRECT(ADDRESS(($AK128),COLUMN()+33,,,"Digitar Dados dos Ensaios"))<>"",INDIRECT(ADDRESS(($AK128),COLUMN()+33,,,"Digitar Dados dos Ensaios")),"")) -> 1263 | D128: =IF(C128<>"",C128/$A$113,"") -> 65.271318 | E128: =IF(E129="","","Corrigido") | AK128: =AK127 -> 8
A129: 7.62 | B129: 6 | C129: =IF(OR($N$8="",$N$8=0),"",IF(INDIRECT(ADDRESS(($AK129),COLUMN()+34,,,"Digitar Dados dos Ensaios"))<>"",INDIRECT(ADDRESS(($AK129),COLUMN()+34,,,"Digitar Dados dos Ensaios")),"")) -> 1391 | D129: =IF(C129<>"",C129/$A$113,"") -> 71.886305 | E129: =IF(BZ118="","",IF(BZ118>0,BZ118,"")) | AK129: =AK128 -> 8
A131: Cilindro nº | C131: =IF(OR($N$8="",$N$8=0),"",IF(INDIRECT(ADDRESS(($AK131),COLUMN()+18,,,"Digitar Dados dos Ensaios"))<>"",INDIRECT(ADDRESS(($AK131),COLUMN()+18,,,"Digitar Dados dos Ensaios")),"")) -> 48 | D131: =IF(OR($N$8="",$N$8=0),"",IF(INDIRECT(ADDRESS(($AK131),COLUMN()+14,,,"Digitar Dados dos Ensaios"))<>"",INDIRECT(ADDRESS(($AK131),COLUMN()+14,,,"Digitar Dados dos Ensaios")),"")) -> Moldagem do ISC Ótimo | E131: EXPANSÃO | AK131: =AK112+1 -> 9 | BD131: 0.63 | BE131: 0.63 | BF131: 0.63 | BG131: =IF(D148<>"",D148,"") -> 60.620155 | BH131: 0 | BI131: =IF(D141<>"",D141,"") -> 7.751938 | BJ131: 0.63 | BK131: 1.27 | BL131: 1.9 | BM131: 2.54 | BN131: 3.81 | BO131: 5.08 | BP131: 6.35 | BQ131: 7.62 | BR131: =IF(BJ132<>"",AVERAGE(BJ131:BQ131),"") -> 3.65 | BS131: =IF(ISNUMBER(BJ136),BJ136^2,"") -> 340.42833 | BT131: =IF(ISNUMBER(BK136),BK136^2,"") -> 297.03488 | BU131: =IF(ISNUMBER(BL136),BL136^2,"") -> 232.18445 | BV131: =IF(ISNUMBER(BM136),BM136^2,"") -> 153.66082 | BW131: =IF(ISNUMBER(BN136),BN136^2,"") -> 18.761892 | BX131: =IF(ISNUMBER(BO136),BO136^2,"") -> 48.424897 | BY131: =IF(ISNUMBER(BP136),BP136^2,"") -> 461.17133 | BZ131: =IF(ISNUMBER(BQ136),BQ136^2,"") -> 1537.9574 | CA131: =IF(BS131<>"",SUM(BS131:BZ131),"") -> 3089.624 | CB131: 0 | CC131: =IF(CB132="","",IF(CB132>0,CF134,-1)) -> -1 | CD131: =IF(CB132="","",IF(CB132>0,CH134,-1)) -> -1 | CE131: =IF(CB132="","",IF(CB132>0,(BV135*CE132)+BV136,-1)) -> -1 | CF131: =IF(CB132="","",IF(CB132>0,(BV135*CF132)+BV136,-1)) -> -1 | CG131: =IF(CB132="","",IF(CB132>0,CF134,-1)) -> -1 | CH131: =IF(CB132="","",IF(CB132>0,CF134,-1)) -> -1 | CI131: =IF(CB132="","",IF(CB132>0,CF134,-1)) -> -1 | CJ131: =IF(CB132="","",IF(CB132>0,CE131,-1)) -> -1
A132: =IF(OR($N$8="",$N$8=0),"",IF(INDIRECT(ADDRESS(($AK132),COLUMN()+22,,,"Digitar Dados dos Ensaios"))<>"",INDIRECT(ADDRESS(($AK132),COLUMN()+22,,,"Digitar Dados dos Ensaios")),"")) -> 19.35 | B132: Data | C132: Hora | D132: Leitura | AK132: =AK113 -> 9 | AL132: =AL114+1 -> 9 | BD132: 1.27 | BE132: 1.27 | BF132: 1.27 | BG132: =IF(BG131<>"",BG131,"") -> 60.620155 | BH132: 0 | BI132: =IF(D142<>"",D142,"") -> 15.555556 | BJ132: =IF(ISNUMBER($BI131),$BI131,"") -> 7.751938 | BK132: =IF(ISNUMBER($BI132),$BI132,"") -> 15.555556 | BL132: =IF(ISNUMBER($BI133),$BI133,"") -> 25.633075 | BM132: =IF(ISNUMBER($BI134),$BI134,"") -> 31.111111 | BN132: =IF(ISNUMBER($BI135),$BI135,"") -> 41.963824 | BO132: =IF(ISNUMBER($BI136),$BI136,"") -> 46.614987 | BP132: =IF(ISNUMBER($BI137),$BI137,"") -> 52.868217 | BQ132: =IF(ISNUMBER($BI138),$BI138,"") -> 60.620155 | BR132: =IF(BJ132<>"",AVERAGE(BJ132:BQ132),"") -> 35.264858 | BS132: =IF(ISERROR(BJ134*BJ135),"",BJ134*BJ135) -> 83.089018 | BT132: =IF(ISERROR(BK134*BK135),"",BK134*BK135) -> 46.90814 | BU132: =IF(ISERROR(BL134*BL135),"",BL134*BL135) -> 16.85562 | BV132: =IF(ISERROR(BM134*BM135),"",BM134*BM135) -> 4.6106589 | BW132: =IF(ISERROR(BN134*BN135),"",BN134*BN135) -> 1.0718346 | BX132: =IF(ISERROR(BO134*BO135),"",BO134*BO135) -> 16.230685 | BY132: =IF(ISERROR(BP134*BP135),"",BP134*BP135) -> 47.52907 | BZ132: =IF(ISERROR(BQ134*BQ135),"",BQ134*BQ135) -> 100.66053 | CA132: =IF(BS132<>"",SUM(BS132:BZ132),"") -> 316.95556 | CB132: =IF(BV136<>"",(CB131-BV136)/BV135,"") -> -1.3984003 | CC132: =IF(CB132="","",IF(CB132>0,(CF133+CB132),-1)) -> -1 | CD132: =IF(CB132="","",IF(CB132>0,CH133+CB132,-1)) -> -1 | CE132: =IF(CB132="","",IF(CB132>0,CC132,-1)) -> -1 | CF132: =IF(CB132="","",IF(CB132>0,CD132,-1)) -> -1 | CG132: =IF(CB132="","",IF(CB132>0,CF133,-1)) -> -1 | CH132: =IF(CB132="","",IF(CB132>0,CC132,-1)) -> -1 | CI132: =IF(CB132="","",IF(CB132>0,CE132,-1)) -> -1 | CJ132: =IF(CB132="","",IF(CB132>0,CE132,-1)) -> -1
A133: Costante da Prensa | B133: =IF($K$78<>"",$K$78,"") | C133: =IF(OR($N$8="",$N$8=0),"",IF(INDIRECT(ADDRESS(($AK133),COLUMN()+19,,,"Digitar Dados dos Ensaios"))<>"",INDIRECT(ADDRESS(($AK133),COLUMN()+19,,,"Digitar Dados dos Ensaios")),"")) | D133: =IF(OR($N$8="",$N$8=0),"",IF(INDIRECT(ADDRESS(($AL133),COLUMN()+22,,,"Digitar Dados dos Ensaios"))<>"",INDIRECT(ADDRESS(($AL133),COLUMN()+22,,,"Digitar Dados dos Ensaios")),"")) -> 1 | AK133: =AK116 -> 7 | AL133: =AL132 -> 9 | BD133: 1.9 | BE133: 1.9 | BF133: 1.9 | BG133: =IF(BG132<>"",BG132,"") -> 60.620155 | BH133: 0 | BI133: =IF(D143<>"",D143,"") -> 25.633075 | BJ133: =IF(BJ132<>"",BJ131^2,"") -> 0.3969 | BK133: =IF(BK132<>"",BK131^2,"") -> 1.6129 | BL133: =IF(BL132<>"",BL131^2,"") -> 3.61 | BM133: =IF(BM132<>"",BM131^2,"") -> 6.4516 | BN133: =IF(BN132<>"",BN131^2,"") -> 14.5161 | BO133: =IF(BO132<>"",BO131^2,"") -> 25.8064 | BP133: =IF(BP132<>"",BP131^2,"") -> 40.3225 | BQ133: =IF(BQ132<>"",BQ131^2,"") -> 58.0644 | BR133: =IF(BJ133<>"",AVERAGE(BJ133:BQ133),"") -> 18.8476 | BS133: =IF(ISERROR(BJ135*BJ136),"",BJ135*BJ136) -> 507.63263 | BT133: =IF(ISERROR(BK135*BK136),"",BK135*BK136) -> 339.68391 | BU133: =IF(ISERROR(BL135*BL136),"",BL135*BL136) -> 146.76526 | BV133: =IF(ISERROR(BM135*BM136),"",BM135*BM136) -> 51.489845 | BW133: =IF(ISERROR(BN135*BN136),"",BN135*BN136) -> -29.016573 | BX133: =IF(ISERROR(BO135*BO136),"",BO135*BO136) -> 78.983279 | BY133: =IF(ISERROR(BP135*BP136),"",BP135*BP136) -> 378.03038 | BZ133: =IF(ISERROR(BQ135*BQ136),"",BQ135*BQ136) -> 994.35362 | CA133: =IF(BS133<>"",SUM(BS133:BZ133),"") -> 2467.9223 | CB133: 0 | CC133: 0.63 | CD133: 1.27 | CE133: 1.9 | CF133: 2.54 | CG133: 3.81 | CH133: 5.08 | CI133: 6.35 | CJ133: 7.62
B134: =IF(ISNUMBER(B133),B133+1,"") | C134: =IF(OR($N$8="",$N$8=0),"",IF(INDIRECT(ADDRESS(($AK134),COLUMN()+20,,,"Digitar Dados dos Ensaios"))<>"",INDIRECT(ADDRESS(($AK134),COLUMN()+20,,,"Digitar Dados dos Ensaios")),"")) | D134: =IF(OR($N$8="",$N$8=0),"",IF(INDIRECT(ADDRESS(($AL134),COLUMN()+23,,,"Digitar Dados dos Ensaios"))<>"",INDIRECT(ADDRESS(($AL134),COLUMN()+23,,,"Digitar Dados dos Ensaios")),"")) -> 1 | AK134: =AK133 -> 7 | AL134: =AL133 -> 9 | BD134: 2.54 | BE134: 2.54 | BF134: 2.54 | BG134: =IF(BG133<>"",BG133,"") -> 60.620155 | BH134: 0 | BI134: =IF(D144<>"",D144,"") -> 31.111111 | BJ134: =IF(ISNUMBER(BJ132),BJ131-BR131,"") -> -3.02 | BK134: =IF(ISNUMBER(BK132),BK131-BR131,"") -> -2.38 | BL134: =IF(ISNUMBER(BL132),BL131-BR131,"") -> -1.75 | BM134: =IF(ISNUMBER(BM132),BM131-BR131,"") -> -1.11 | BN134: =IF(ISNUMBER(BN132),BN131-BR131,"") -> 0.16 | BO134: =IF(ISNUMBER(BO132),BO131-BR131,"") -> 1.43 | BP134: =IF(ISNUMBER(BP132),BP131-BR131,"") -> 2.7 | BQ134: =IF(ISNUMBER(BQ132),BQ131-BR131,"") -> 3.97 | BR134: =IF(BJ134<>"",SUM(BJ134:BQ134),"") -> 0 | BS134: =IF(ISERROR(BJ134*BJ136),"",BJ134*BJ136) -> 55.721114 | BT134: =IF(ISERROR(BK134*BK136),"",BK134*BK136) -> 41.018586 | BU134: =IF(ISERROR(BL134*BL136),"",BL134*BL136) -> 26.6658 | BV134: =IF(ISERROR(BM134*BM136),"",BM134*BM136) -> 13.75956 | BW134: =IF(ISERROR(BN134*BN136),"",BN134*BN136) -> -0.69304 | BX134: =IF(ISERROR(BO134*BO136),"",BO134*BO136) -> 9.951084 | BY134: =IF(ISERROR(BP134*BP136),"",BP134*BP136) -> 57.98223 | BZ134: =IF(ISERROR(BQ134*BQ136),"",BQ134*BQ136) -> 155.6907 | CA134: =IF(BS134<>"",SUM(BS134:BZ134),"") -> 360.09603 | CB134: =IF(CB132="","",IF(CB132>0,(BV135*CB133)+BV136,-1)) -> -1 | CC134: =IF(CB132="","",IF(CB132>0,(BV135*CC133)+BV136,-1)) -> -1 | CD134: =IF(CB132="","",IF(CB132>0,(BV135*CD133)+BV136,-1)) -> -1 | CE134: =IF(CB132="","",IF(CB132>0,(BV135*CE133)+BV136,-1)) -> -1 | CF134: =IF(CB132="","",IF(CB132>0,(BV135*CF133)+BV136,-1)) -> -1 | CG134: =IF(CB132="","",IF(CB132>0,(BV135*CG133)+BV136,-1)) -> -1 | CH134: =IF(CB132="","",IF(CB132>0,(BV135*CH133)+BV136,-1)) -> -1 | CI134: =IF(CB132="","",IF(CB132>0,(BV135*CI133)+BV136,-1)) -> -1 | CJ134: =IF(CB132="","",IF(CB132>0,(BV135*CJ133)+BV136,-1)) -> -1
...

Sheet Digitar Dados dos Ensaios
A1: BR -163 | F1: Compactação | T1: ISC & EXPANSÃO | Z1: LEITURA DO EXTENSÔMETRO | AD1: LEITURA DA PRENSA | AL1: LIMITES FÍSICOS | AT1: GRANULOMETRIA & EQUIVALENTE DE AREIA | BM1: Cálculos Para Compactação
A2: Nova Mutum- MT
AD4: 0.63 | AE4: 1.27 | AF4: 1.9 | AG4: 2.54 | AH4: 3.81 | AI4: 5.08 | AJ4: 6.35 | AK4: 7.62 | BM4: Cálculos não Ultrapasse
A5: 1 | B5: ORIGEM DA AMOSTRA | F5: Númere os Pontos Executados (de 1 a 6) | J5: 1 | K5: 2 | L5: 3 | M5: 4 | N5: 5 | P5: Umidade Higroscópica | R5: Umidade. de Moldagem | T5: Pontos | U5: Cilindro Nº | V5: Hora da Leitura | Z5: Leitura | AD5: 0.5 | AE5: 1 | AF5: 1.5 | AG5: 2 | AH5: 3 | AI5: 4 | AJ5: 5 | AK5: 6 | AL5: Limite de Liquidez | AM5: Cápsula nº | AS5: =E7 -> 45804 | AT5: Umidade Higrocópica | AZ5: Peneiramento Grosso | BG5: Total | BH5: Parcial | BI5: Peneiramento Fino | BL5: =AS5 -> 45804 | BM5: Atenção | BN5: Peso da Água | BO5: =IF(ISNUMBER(J6),J7-J8,"") | BP5: =IF(ISNUMBER(K6),K7-K8,"") | BQ5: =IF(ISNUMBER(L6),L7-L8,"") | BR5: =IF(ISNUMBER(M6),M7-M8,"") | BS5: =IF(ISNUMBER(N6),N7-N8,"") | BT5: =IF(ISNUMBER(O6),O7-O8,"") | BU5: =IF(ISNUMBER(P6),P7-P8,"") -> 1.38 | BV5: =IF(ISNUMBER(Q6),Q7-Q8,"") -> 1.76 | BW5: =IF(ISNUMBER(BU5),AVERAGE(BU8:BV8),"") -> 0.0090357282 | BX5: Cilindros | CE5: =IF(J5<>"",BY10,"") -> 0.023450524 | CF5: =IF(K5<>"",BZ10,"") -> 0.03858606 | CG5: =IF(L5<>"",CA10,"") -> 0.053721596 | CH5: =IF(M5<>"",CB10,"") -> 0.068857132 | CI5: =IF(N5<>"",CC10,"") -> 0.083992668 | CJ5: =IF(O5<>"",CD10,"") | CK5: =AVERAGE(CE5:CJ5) -> 0.053721596 | CL5: =IF(ISNUMBER(CE8),CE8^2,"") -> 0.00091633779 | CM5: =IF(ISNUMBER(CF8),CF8^2,"") -> 0.00022908445 | CN5: =IF(ISNUMBER(CG8),CG8^2,"") -> 0 | CO5: =IF(ISNUMBER(CH8),CH8^2,"") -> 0.00022908445 | CP5: =IF(ISNUMBER(CI8),CI8^2,"") -> 0.00091633779 | CQ5: =IF(ISNUMBER(CJ8),CJ8^2,"") | CR5: =SUM(CL5:CQ5) -> 0.0022908445 | CS5: x= | CT5: =-CO11/(2*CM11) -> 0.057765822 | CU5: =IF(ISNUMBER(R6),R7-R8,"") | CV5: =IF(ISNUMBER(S6),S7-S8,"") | CW5: =IF(ISNUMBER(CU5),AVERAGE(CU8:CV8),"") | CX5: 0.63 | CY5: 1.27 | CZ5: 1.9 | DA5: 2.54 | DB5: 3.81 | DC5: 5.08 | DD5: 6.35 | DE5: 7.62 | DF5: =IF(CX6<>"",AVERAGE(CX5:DE5),"") | DG5: =IF(ISNUMBER(CX10),CX10^2,"") | DH5: =IF(ISNUMBER(CY10),CY10^2,"") | DI5: =IF(ISNUMBER(CZ10),CZ10^2,"") | DJ5: =IF(ISNUMBER(DA10),DA10^2,"") | DK5: =IF(ISNUMBER(DB10),DB10^2,"") | DL5: =IF(ISNUMBER(DC10),DC10^2,"") | DM5: =IF(ISNUMBER(DD10),DD10^2,"") | DN5: =IF(ISNUMBER(DE10),DE10^2,"") | DO5: =IF(DG5<>"",SUM(DG5:DN5),"") | DP5: 0 | DQ5: =IF(DP6="","",IF(DP6>0,DT8,-1)) | DR5: =IF(DP6="","",IF(DP6>0,DV8,-1)) | DS5: =IF(DP6="","",IF(DP6>0,(DJ9*DS6)+DJ10,-1)) | DT5: =IF(DP6="","",IF(DP6>0,(DJ9*DT6)+DJ10,-1)) | DU5: =IF(DP6="","",IF(DP6>0,DT8,-1)) | DV5: =IF(DP6="","",IF(DP6>0,DT8,-1)) | DW5: =IF(DP6="","",IF(DP6>0,DT8,-1)) | DX5: =IF(DP6="","",IF(DP6>0,DS5,-1)) | DY5: 0.63 | DZ5: 1.27 | EA5: 1.9 | EB5: 2.54 | EC5: 3.81 | ED5: 5.08 | EE5: 6.35 | EF5: 7.62 | EG5: =IF(DY6<>"",AVERAGE(DY5:EF5),"") -> 3.65 | EH5: =IF(ISNUMBER(DY10),DY10^2,"") -> 340.42833 | EI5: =IF(ISNUMBER(DZ10),DZ10^2,"") -> 297.03488 | EJ5: =IF(ISNUMBER(EA10),EA10^2,"") -> 232.18445 | EK5: =IF(ISNUMBER(EB10),EB10^2,"") -> 153.66082 | EL5: =IF(ISNUMBER(EC10),EC10^2,"") -> 18.761892 | EM5: =IF(ISNUMBER(ED10),ED10^2,"") -> 48.424897 | EN5: =IF(ISNUMBER(EE10),EE10^2,"") -> 461.17133 | EO5: =IF(ISNUMBER(EF10),EF10^2,"") -> 1537.9574 | EP5: =IF(EH5<>"",SUM(EH5:EO5),"") -> 3089.624 | EQ5: 0 | ER5: =IF(EQ6="","",IF(EQ6>0,EU8,-1)) -> -1 | ES5: =IF(EQ6="","",IF(EQ6>0,EW8,-1)) -> -1 | ET5: =IF(EQ6="","",IF(EQ6>0,(EK9*ET6)+EK10,-1)) -> -1 | EU5: =IF(EQ6="","",IF(EQ6>0,(EK9*EU6)+EK10,-1)) -> -1 | EV5: =IF(EQ6="","",IF(EQ6>0,EU8,-1)) -> -1 | EW5: =IF(EQ6="","",IF(EQ6>0,EU8,-1)) -> -1 | EX5: =IF(EQ6="","",IF(EQ6>0,EU8,-1)) -> -1 | EY5: =IF(EQ6="","",IF(EQ6>0,ET5,-1)) -> -1 | EZ5: 0.63 | FA5: 1.27 | FB5: 1.9 | FC5: 2.54 | FD5: 3.81 | FE5: 5.08 | FF5: 6.35 | FG5: 7.62 | FH5: =IF(EZ6<>"",AVERAGE(EZ5:FG5),"") -> 3.65 | FI5: =IF(ISNUMBER(EZ10),EZ10^2,"") -> 340.42833 | FJ5: =IF(ISNUMBER(FA10),FA10^2,"") -> 297.03488 | FK5: =IF(ISNUMBER(FB10),FB10^2,"") -> 232.18445 | FL5: =IF(ISNUMBER(FC10),FC10^2,"") -> 153.66082 | FM5: =IF(ISNUMBER(FD10),FD10^2,"") -> 18.761892 | FN5: =IF(ISNUMBER(FE10),FE10^2,"") -> 48.424897 | FO5: =IF(ISNUMBER(FF10),FF10^2,"") -> 461.17133 | FP5: =IF(ISNUMBER(FG10),FG10^2,"") -> 1537.9574 | FQ5: =IF(FI5<>"",SUM(FI5:FP5),"") -> 3089.624 | FR5: 0 | FS5: =IF(FR6="","",IF(FR6>0,FV8,-1)) -> -1 | FT5: =IF(FR6="","",IF(FR6>0,FX8,-1)) -> -1 | FU5: =IF(FR6="","",IF(FR6>0,(FL9*FU6)+FL10,-1)) -> -1 | FV5: =IF(FR6="","",IF(FR6>0,(FL9*FV6)+FL10,-1)) -> -1 | FW5: =IF(FR6="","",IF(FR6>0,FV8,-1)) -> -1 | FX5: =IF(FR6="","",IF(FR6>0,FV8,-1)) -> -1 | FY5: =IF(FR6="","",IF(FR6>0,FV8,-1)) -> -1 | FZ5: =IF(FR6="","",IF(FR6>0,FU5,-1)) -> -1 | GA5: 0.63 | GB5: 1.27 | GC5: 1.9 | GD5: 2.54 | GE5: 3.81 | GF5: 5.08 | GG5: 6.35 | GH5: 7.62 | GI5: =IF(GA6<>"",AVERAGE(GA5:GH5),"") -> 3.65 | GJ5: =IF(ISNUMBER(GA10),GA10^2,"") -> 340.42833 | GK5: =IF(ISNUMBER(GB10),GB10^2,"") -> 297.03488 | GL5: =IF(ISNUMBER(GC10),GC10^2,"") -> 232.18445 | GM5: =IF(ISNUMBER(GD10),GD10^2,"") -> 153.66082 | GN5: =IF(ISNUMBER(GE10),GE10^2,"") -> 18.761892 | GO5: =IF(ISNUMBER(GF10),GF10^2,"") -> 48.424897 | GP5: =IF(ISNUMBER(GG10),GG10^2,"") -> 461.17133 | GQ5: =IF(ISNUMBER(GH10),GH10^2,"") -> 1537.9574 | GR5: =IF(GJ5<>"",SUM(GJ5:GQ5),"") -> 3089.624 | GS5: 0 | GT5: =IF(GS6="","",IF(GS6>0,GW8,-1)) -> -1 | GU5: =IF(GS6="","",IF(GS6>0,GY8,-1)) -> -1 | GV5: =IF(GS6="","",IF(GS6>0,(GM9*GV6)+GM10,-1)) -> -1 | GW5: =IF(GS6="","",IF(GS6>0,(GM9*GW6)+GM10,-1)) -> -1 | GX5: =IF(GS6="","",IF(GS6>0,GW8,-1)) -> -1 | GY5: =IF(GS6="","",IF(GS6>0,GW8,-1)) -> -1 | GZ5: =IF(GS6="","",IF(GS6>0,GW8,-1)) -> -1 | HA5: =IF(GS6="","",IF(GS6>0,GV5,-1)) -> -1 | HB5: 0.63 | HC5: 1.27 | HD5: 1.9 | HE5: 2.54 | HF5: 3.81 | HG5: 5.08 | HH5: 6.35 | HI5: 7.62 | HJ5: =IF(HB6<>"",AVERAGE(HB5:HI5),"") | HK5: =IF(ISNUMBER(HB10),HB10^2,"") | HL5: =IF(ISNUMBER(HC10),HC10^2,"") | HM5: =IF(ISNUMBER(HD10),HD10^2,"") | HN5: =IF(ISNUMBER(HE10),HE10^2,"") | HO5: =IF(ISNUMBER(HF10),HF10^2,"") | HP5: =IF(ISNUMBER(HG10),HG10^2,"") | HQ5: =IF(ISNUMBER(HH10),HH10^2,"") | HR5: =IF(ISNUMBER(HI10),HI10^2,"") | HS5: =IF(HK5<>"",SUM(HK5:HR5),"") | HT5: 0 | HU5: =IF(HT6="","",IF(HT6>0,HX8,-1)) | HV5: =IF(HT6="","",IF(HT6>0,HZ8,-1)) | HW5: =IF(HT6="","",IF(HT6>0,(HN9*HW6)+HN10,-1)) | HX5: =IF(HT6="","",IF(HT6>0,(HN9*HX6)+HN10,-1)) | HY5: =IF(HT6="","",IF(HT6>0,HX8,-1)) | HZ5: =IF(HT6="","",IF(HT6>0,HX8,-1)) | IA5: =IF(HT6="","",IF(HT6>0,HX8,-1)) | IB5: =IF(HT6="","",IF(HT6>0,HW5,-1)) | IC5: 0.63 | ID5: 1.27 | IE5: 1.9 | IF5: 2.54 | IG5: 3.81 | IH5: 5.08 | II5: 6.35 | IJ5: 7.62 | IK5: =IF(IC6<>"",AVERAGE(IC5:IJ5),"") | IL5: =IF(ISNUMBER(IC10),IC10^2,"") | IM5: =IF(ISNUMBER(ID10),ID10^2,"") | IN5: =IF(ISNUMBER(IE10),IE10^2,"") | IO5: =IF(ISNUMBER(IF10),IF10^2,"") | IP5: =IF(ISNUMBER(IG10),IG10^2,"") | IQ5: =IF(ISNUMBER(IH10),IH10^2,"") | IR5: =IF(ISNUMBER(II10),II10^2,"") | IS5: =IF(ISNUMBER(IJ10),IJ10^2,"") | IT5: =IF(IL5<>"",SUM(IL5:IS5),"") | IU5: 0 | IV5: =IF(IU6="","",IF(IU6>0,IY8,-1)) | IW5: =IF(IU6="","",IF(IU6>0,JA8,-1)) | IX5: =IF(IU6="","",IF(IU6>0,(IO9*IX6)+IO10,-1)) | IY5: =IF(IU6="","",IF(IU6>0,(IO9*IY6)+IO10,-1)) | IZ5: =IF(IU6="","",IF(IU6>0,IY8,-1)) | JA5: =IF(IU6="","",IF(IU6>0,IY8,-1)) | JB5: =IF(IU6="","",IF(IU6>0,IY8,-1)) | JC5: =IF(IU6="","",IF(IU6>0,IX5,-1)) | JD5: =IF(T6<>"",T6,"") | JE5: =IF(JD5<>"",CE5,"") | JF5: =IF(JD6<>"",CF5,"") -> 0.03858606 | JG5: =IF(JD7<>"",CG5,"") -> 0.053721596 | JH5: =IF(JD8<>"",CH5,"") -> 0.068857132 | JI5: =IF(JD9<>"",CI5,"") | JJ5: =IF(JD10<>"",CJ5,"") | JK5: =AVERAGE(JE5:JJ5) -> 0.053721596 | JL5: =IF(ISNUMBER(JE8),JE8^2,"") | JM5: =IF(ISNUMBER(JF8),JF8^2,"") -> 0.00022908445 | JN5: =IF(ISNUMBER(JG8),JG8^2,"") -> 0 | JO5: =IF(ISNUMBER(JH8),JH8^2,"") -> 0.00022908445 | JP5: =IF(ISNUMBER(JI8),JI8^2,"") | JQ5: =IF(ISNUMBER(JJ8),JJ8^2,"") | JR5: =SUM(JL5:JQ5) -> 0.0004581689 | JS5: x= | JT5: =-JO11/(2*JM11) -> 0.055061915 | JU5: =IF(T6<>0,LOOKUP(T6,Tara!$G$6:$G$185,Tara!$J$6:$J$185)/10,"") | JV5: =IF(ISNUMBER(U6),MAX(Z6:AC6)-MIN(Z6:AC6),"") | JW5: =IF(JV5<>"",JV5/JU5/10,"") | JX5: =IF(JD5<>"",CE5,"") | JY5: =IF(JD6<>"",CF5,"") -> 0.03858606 | JZ5: =IF(JD7<>"",CG5,"") -> 0.053721596 | KA5: =IF(JD8<>"",CH5,"") -> 0.068857132 | KB5: =IF(JD9<>"",CI5,"") | KC5: =IF(JD10<>"",CJ5,"") | KD5: =AVERAGE(JX5:KC5) -> 0.053721596 | KE5: =IF(ISNUMBER(JX8),JX8^2,"") | KF5: =IF(ISNUMBER(JY8),JY8^2,"") -> 0.00022908445 | KG5: =IF(ISNUMBER(JZ8),JZ8^2,"") -> 0 | KH5: =IF(ISNUMBER(KA8),KA8^2,"") -> 0.00022908445 | KI5: =IF(ISNUMBER(KB8),KB8^2,"") | KJ5: =IF(ISNUMBER(KC8),KC8^2,"") | KK5: =SUM(KE5:KJ5) -> 0.0004581689 | KL5: x= | KM5: =-KH11/(2*KF11) -> 0.062952474 | KN5: =IF(ISNUMBER(AN5),AN6-AN7,"") | KO5: =IF(ISNUMBER(AO5),AO6-AO7,"") | KP5: =IF(ISNUMBER(AP5),AP6-AP7,"") | KQ5: =IF(ISNUMBER(AQ5),AQ6-AQ7,"") | KR5: =IF(ISNUMBER(AR5),AR6-AR7,"") | KS5: =IF(ISNUMBER(AN9),AN10-AN11,"") | KT5: =IF(ISNUMBER(AO9),AO10-AO11,"") | KU5: =IF(ISNUMBER(AP9),AP10-AP11,"") | KV5: =IF(ISNUMBER(AQ9),AQ10-AQ11,"") | KW5: =IF(ISNUMBER(AR9),AR10-AR11,"") | KX5: =IF(KU10="NP",0,KU10)*100 -> 0 | KY5: 1 | KZ5: 2 | LA5: =IF(ISNUMBER(AT9),AU9-AV9,"") -> 0 | LB5: =IF(ISNUMBER(AW9),AX9-AY9,"") -> 0 | LE5: 2" | LF5: 1 ½" | LG5: 1" | LH5: ¾" | LI5: 3/8" | LJ5: 4 | LK5: 10 | LL5: 40 | LM5: 200
B6: Estaca: | D6: Registro : | E6: 1 | F6: Marque com X se a Compactação é | G6: Simples | I6: Nº da Cápsula | P6: 10 | Q6: 21 | V6: 0.45833333 | AM6: Cápsula+solo úmido | AT6: Cápsula 01 | AW6: Cápsula 02 | AZ6: Retido | BG6: Amostra | BH6: Peso | BI6: Retido | BN6: Peso da Cápsula | BO6: =IF(ISNUMBER(J6),LOOKUP(J6,Tara!$C$6:$C$185,Tara!$D$6:$D$185),"") | BP6: =IF(ISNUMBER(K6),LOOKUP(K6,Tara!$C$6:$C$185,Tara!$D$6:$D$185),"") | BQ6: =IF(ISNUMBER(L6),LOOKUP(L6,Tara!$C$6:$C$185,Tara!$D$6:$D$185),"") | BR6: =IF(ISNUMBER(M6),LOOKUP(M6,Tara!$C$6:$C$185,Tara!$D$6:$D$185),"") | BS6: =IF(ISNUMBER(N6),LOOKUP(N6,Tara!$C$6:$C$185,Tara!$D$6:$D$185),"") | BT6: =IF(ISNUMBER(O6),LOOKUP(O6,Tara!$C$6:$C$185,Tara!$D$6:$D$185),"") | BU6: =IF(ISNUMBER(P6),LOOKUP(P6,Tara!$C$6:$C$185,Tara!$D$6:$D$185),"") -> 24.1 | BV6: =IF(ISNUMBER(Q6),LOOKUP(Q6,Tara!$C$6:$C$185,Tara!$D$6:$D$185),"") -> 14.81 | BX6: Peso do Cilindro | BY6: =IF(ISNUMBER(J10),LOOKUP(J10,Tara!$G$6:$G$185,Tara!$H$6:$H$185),"") -> 5530 | BZ6: =IF(ISNUMBER(K10),LOOKUP(K10,Tara!$G$6:$G$185,Tara!$H$6:$H$185),"") -> 5294 | CA6: =IF(ISNUMBER(L10),LOOKUP(L10,Tara!$G$6:$G$185,Tara!$H$6:$H$185),"") -> 5222 | CB6: =IF(ISNUMBER(M10),LOOKUP(M10,Tara!$G$6:$G$185,Tara!$H$6:$H$185),"") -> 5130 | CC6: =IF(ISNUMBER(N10),LOOKUP(N10,Tara!$G$6:$G$185,Tara!$H$6:$H$185),"") -> 5530 | CD6: =IF(ISNUMBER(O10),LOOKUP(O10,Tara!$G$6:$G$185,Tara!$H$6:$H$185),"") | CE6: =IF(J5<>"",BY11,"") -> 1898.3267 | CF6: =IF(K5<>"",BZ11,"") -> 2018.6054 | CG6: =IF(L5<>"",CA11,"") -> 2245.5883 | CH6: =IF(M5<>"",CB11,"") -> 2228.107 | CI6: =IF(N5<>"",CC11,"") -> 1980.6168 | CJ6: =IF(O5<>"",CD11,"") | CK6: =AVERAGE(CE6:CJ6) -> 2074.2488 | CL6: =IF(ISNUMBER(CE10),CE10^2,"") -> 7.8078426e-06 | CM6: =IF(ISNUMBER(CF10),CF10^2,"") -> 3.4421186e-06 | CN6: =IF(ISNUMBER(CG10),CG10^2,"") -> 2.0991874e-07 | CO6: =IF(ISNUMBER(CH10),CH10^2,"") -> 1.9519606e-06 | CP6: =IF(ISNUMBER(CI10),CI10^2,"") -> 1.3768474e-05 | CQ6: =IF(ISNUMBER(CJ10),CJ10^2,"") | CR6: =SUM(CL6:CQ6) -> 2.7180315e-05 | CS6: y= | CT6: =CM11*CT5^2+CO11*CT5+CQ11 -> 2219.2469 | CU6: =IF(ISNUMBER(R6),LOOKUP(R6,Tara!$C$6:$C$185,Tara!$D$6:$D$185),"") | CV6: =IF(ISNUMBER(S6),LOOKUP(S6,Tara!$C$6:$C$185,Tara!$D$6:$D$185),"") | CX6: =IF(ISNUMBER(AD6),AD6*$W9,"") | CY6: =IF(ISNUMBER(AE6),AE6*$W9,"") | CZ6: =IF(ISNUMBER(AF6),AF6*$W9,"") | DA6: =IF(ISNUMBER(AG6),AG6*$W9,"") | DB6: =IF(ISNUMBER(AH6),AH6*$W9,"") | DC6: =IF(ISNUMBER(AI6),AI6*$W9,"") | DD6: =IF(ISNUMBER(AJ6),AJ6*$W9,"") | DE6: =IF(ISNUMBER(AK6),AK6*$W9,"") | DF6: =IF(CX6<>"",AVERAGE(CX6:DE6),"") | DG6: =IF(ISERROR(CX8*CX9),"",CX8*CX9) | DH6: =IF(ISERROR(CY8*CY9),"",CY8*CY9) | DI6: =IF(ISERROR(CZ8*CZ9),"",CZ8*CZ9) | DJ6: =IF(ISERROR(DA8*DA9),"",DA8*DA9) | DK6: =IF(ISERROR(DB8*DB9),"",DB8*DB9) | DL6: =IF(ISERROR(DC8*DC9),"",DC8*DC9) | DM6: =IF(ISERROR(DD8*DD9),"",DD8*DD9) | DN6: =IF(ISERROR(DE8*DE9),"",DE8*DE9) | DO6: =IF(DG6<>"",SUM(DG6:DN6),"") | DP6: =IF(DJ10<>"",(DP5-DJ10)/DJ9,"") | DQ6: =IF(DP6="","",IF(DP6>0,DT7+DP6,-1)) | DR6: =IF(DP6="","",IF(DP6>0,DV7+DP6,-1)) | DS6: =IF(DP6="","",IF(DP6>0,DQ6,-1)) | DT6: =IF(DP6="","",IF(DP6>0,DR6,-1)) | DU6: =IF(DP6="","",IF(DP6>0,DT7,-1)) | DV6: =IF(DP6="","",IF(DP6>0,DQ6,-1)) | DW6: =IF(DP6="","",IF(DP6>0,DS6,-1)) | DX6: =IF(DP6="","",IF(DP6>0,DS6,-1)) | DY6: =IF(ISNUMBER(AD7),AD7*$W9,"") -> 3715.2 | DZ6: =IF(ISNUMBER(AE7),AE7*$W9,"") -> 6288.75 | EA6: =IF(ISNUMBER(AF7),AF7*$W9,"") -> 7933.5 | EB6: =IF(ISNUMBER(AG7),AG7*$W9,"") -> 10565.1 | EC6: =IF(ISNUMBER(AH7),AH7*$W9,"") -> 13738.5 | ED6: =IF(ISNUMBER(AI7),AI7*$W9,"") -> 15847.65 | EE6: =IF(ISNUMBER(AJ7),AJ7*$W9,"") -> 17956.8 | EF6: =IF(ISNUMBER(AK7),AK7*$W9,"") -> 20878.65 | EG6: =IF(DY6<>"",AVERAGE(DY6:EF6),"") -> 12115.519 | EH6: =IF(ISERROR(DY8*DY9),"",DY8*DY9) -> 25368.963 | EI6: =IF(ISERROR(DZ8*DZ9),"",DZ8*DZ9) -> 13867.71 | EJ6: =IF(ISERROR(EA8*EA9),"",EA8*EA9) -> 7318.5328 | EK6: =IF(ISERROR(EB8*EB9),"",EB8*EB9) -> 1720.9648 | EL6: =IF(ISERROR(EC8*EC9),"",EC8*EC9) -> 259.677 | EM6: =IF(ISERROR(ED8*ED9),"",ED8*ED9) -> 5336.9477 | EN6: =IF(ISERROR(EE8*EE9),"",EE8*EE9) -> 15771.459 | EO6: =IF(ISERROR(EF8*EF9),"",EF8*EF9) -> 34789.631 | EP6: =IF(EH6<>"",SUM(EH6:EO6),"") -> 104433.89 | EQ6: =IF(EK10<>"",(EQ5-EK10)/EK9,"") -> -1.5568999 | ER6: =IF(EQ6="","",IF(EQ6>0,EU7+EQ6,-1)) -> -1 | ES6: =IF(EQ6="","",IF(EQ6>0,EW7+EQ6,-1)) -> -1 | ET6: =IF(EQ6="","",IF(EQ6>0,ER6,-1)) -> -1 | EU6: =IF(EQ6="","",IF(EQ6>0,ES6,-1)) -> -1 | EV6: =IF(EQ6="","",IF(EQ6>0,EU7,-1)) -> -1 | EW6: =IF(EQ6="","",IF(EQ6>0,ER6,-1)) -> -1 | EX6: =IF(EQ6="","",IF(EQ6>0,ET6,-1)) -> -1 | EY6: =IF(EQ6="","",IF(EQ6>0,ET6,-1)) -> -1 | EZ6: =IF(ISNUMBER(AD8),AD8*$W9,"") -> 3889.35 | FA6: =IF(ISNUMBER(AE8),AE8*$W9,"") -> 8146.35 | FB6: =IF(ISNUMBER(AF8),AF8*$W9,"") -> 12035.7 | FC6: =IF(ISNUMBER(AG8),AG8*$W9,"") -> 14164.2 | FD6: =IF(ISNUMBER(AH8),AH8*$W9,"") -> 17705.25 | FE6: =IF(ISNUMBER(AI8),AI8*$W9,"") -> 21246.3 | FF6: =IF(ISNUMBER(AJ8),AJ8*$W9,"") -> 24439.05 | FG6: =IF(ISNUMBER(AK8),AK8*$W9,"") -> 26915.85 | FH6: =IF(EZ6<>"",AVERAGE(EZ6:FG6),"") -> 16067.756 | FI6: =IF(ISERROR(EZ8*EZ9),"",EZ8*EZ9) -> 36778.787 | FJ6: =IF(ISERROR(FA8*FA9),"",FA8*FA9) -> 18852.947 | FK6: =IF(ISERROR(FB8*FB9),"",FB8*FB9) -> 7056.0984 | FL6: =IF(ISERROR(FC8*FC9),"",FC8*FC9) -> 2112.9474 | FM6: =IF(ISERROR(FD8*FD9),"",FD8*FD9) -> 261.999 | FN6: =IF(ISERROR(FE8*FE9),"",FE8*FE9) -> 7405.3176 | FO6: =IF(ISERROR(FF8*FF9),"",FF8*FF9) -> 22602.493 | FP6: =IF(ISERROR(FG8*FG9),"",FG8*FG9) -> 43066.932 | FQ6: =IF(FI6<>"",SUM(FI6:FP6),"") -> 138137.52 | FR6: =IF(FL10<>"",(FR5-FL10)/FL9,"") -> -1.5994704 | FS6: =IF(FR6="","",IF(FR6>0,FV7+FR6,-1)) -> -1 | FT6: =IF(FR6="","",IF(FR6>0,FX7+FR6,-1)) -> -1 | FU6: =IF(FR6="","",IF(FR6>0,FS6,-1)) -> -1 | FV6: =IF(FR6="","",IF(FR6>0,FT6,-1)) -> -1 | FW6: =IF(FR6="","",IF(FR6>0,FV7,-1)) -> -1 | FX6: =IF(FR6="","",IF(FR6>0,FS6,-1)) -> -1 | FY6: =IF(FR6="","",IF(FR6>0,FU6,-1)) -> -1 | FZ6: =IF(FR6="","",IF(FR6>0,FU6,-1)) -> -1 | GA6: =IF(ISNUMBER(AD9),AD9*$W9,"") -> 2902.5 | GB6: =IF(ISNUMBER(AE9),AE9*$W9,"") -> 5824.35 | GC6: =IF(ISNUMBER(AF9),AF9*$W9,"") -> 9597.6 | GD6: =IF(ISNUMBER(AG9),AG9*$W9,"") -> 11648.7 | GE6: =IF(ISNUMBER(AH9),AH9*$W9,"") -> 15712.2 | GF6: =IF(ISNUMBER(AI9),AI9*$W9,"") -> 17453.7 | GG6: =IF(ISNUMBER(AJ9),AJ9*$W9,"") -> 19795.05 | GH6: =IF(ISNUMBER(AK9),AK9*$W9,"") -> 22697.55 | GI6: =IF(GA6<>"",AVERAGE(GA6:GH6),"") -> 13203.956 | GJ6: =IF(ISERROR(GA8*GA9),"",GA8*GA9) -> 31110.398 | GK6: =IF(ISERROR(GB8*GB9),"",GB8*GB9) -> 17563.463 | GL6: =IF(ISERROR(GC8*GC9),"",GC8*GC9) -> 6311.1234 | GM6: =IF(ISERROR(GD8*GD9),"",GD8*GD9) -> 1726.3344 | GN6: =IF(ISERROR(GE8*GE9),"",GE8*GE9) -> 401.319 | GO6: =IF(ISERROR(GF8*GF9),"",GF8*GF9) -> 6077.1336 | GP6: =IF(ISERROR(GG8*GG9),"",GG8*GG9) -> 17795.953 | GQ6: =IF(ISERROR(GH8*GH9),"",GH8*GH9) -> 37689.567 | GR6: =IF(GJ6<>"",SUM(GJ6:GQ6),"") -> 118675.29 | GS6: =IF(GM10<>"",(GS5-GM10)/GM9,"") -> -1.3984003 | GT6: =IF(GS6="","",IF(GS6>0,GW7+GS6,-1)) -> -1 | GU6: =IF(GS6="","",IF(GS6>0,GY7+GS6,-1)) -> -1 | GV6: =IF(GS6="","",IF(GS6>0,GT6,-1)) -> -1 | GW6: =IF(GS6="","",IF(GS6>0,GU6,-1)) -> -1 | GX6: =IF(GS6="","",IF(GS6>0,GW7,-1)) -> -1 | GY6: =IF(GS6="","",IF(GS6>0,GT6,-1)) -> -1 | GZ6: =IF(GS6="","",IF(GS6>0,GV6,-1)) -> -1 | HA6: =IF(GS6="","",IF(GS6>0,GV6,-1)) -> -1 | HB6: =IF(ISNUMBER(AD10),AD10*$W9,"") | HC6: =IF(ISNUMBER(AE10),AE10*$W9,"") | HD6: =IF(ISNUMBER(AF10),AF10*$W9,"") | HE6: =IF(ISNUMBER(AG10),AG10*$W9,"") | HF6: =IF(ISNUMBER(AH10),AH10*$W9,"") | HG6: =IF(ISNUMBER(AI10),AI10*$W9,"") | HH6: =IF(ISNUMBER(AJ10),AJ10*$W9,"") | HI6: =IF(ISNUMBER(AK10),AK10*$W9,"") | HJ6: =IF(HB6<>"",AVERAGE(HB6:HI6),"") | HK6: =IF(ISERROR(HB8*HB9),"",HB8*HB9) | HL6: =IF(ISERROR(HC8*HC9),"",HC8*HC9) | HM6: =IF(ISERROR(HD8*HD9),"",HD8*HD9) | HN6: =IF(ISERROR(HE8*HE9),"",HE8*HE9) | HO6: =IF(ISERROR(HF8*HF9),"",HF8*HF9) | HP6: =IF(ISERROR(HG8*HG9),"",HG8*HG9) | HQ6: =IF(ISERROR(HH8*HH9),"",HH8*HH9) | HR6: =IF(ISERROR(HI8*HI9),"",HI8*HI9) | HS6: =IF(HK6<>"",SUM(HK6:HR6),"") | HT6: =IF(HN10<>"",(HT5-HN10)/HN9,"") | HU6: =IF(HT6="","",IF(HT6>0,HX7+HT6,-1)) | HV6: =IF(HT6="","",IF(HT6>0,HZ7+HT6,-1)) | HW6: =IF(HT6="","",IF(HT6>0,HU6,-1)) | HX6: =IF(HT6="","",IF(HT6>0,HV6,-1)) | HY6: =IF(HT6="","",IF(HT6>0,HX7,-1)) | HZ6: =IF(HT6="","",IF(HT6>0,HU6,-1)) | IA6: =IF(HT6="","",IF(HT6>0,HW6,-1)) | IB6: =IF(HT6="","",IF(HT6>0,HW6,-1)) | IC6: =IF(ISNUMBER(AD11),AD11*$W9,"") | ID6: =IF(ISNUMBER(AE11),AE11*$W9,"") | IE6: =IF(ISNUMBER(AF11),AF11*$W9,"") | IF6: =IF(ISNUMBER(AG11),AG11*$W9,"") | IG6: =IF(ISNUMBER(AH11),AH11*$W9,"") | IH6: =IF(ISNUMBER(AI11),AI11*$W9,"") | II6: =IF(ISNUMBER(AJ11),AJ11*$W9,"") | IJ6: =IF(ISNUMBER(AK11),AK11*$W9,"") | IK6: =IF(IC6<>"",AVERAGE(IC6:IJ6),"") | IL6: =IF(ISERROR(IC8*IC9),"",IC8*IC9) | IM6: =IF(ISERROR(ID8*ID9),"",ID8*ID9) | IN6: =IF(ISERROR(IE8*IE9),"",IE8*IE9) | IO6: =IF(ISERROR(IF8*IF9),"",IF8*IF9) | IP6: =IF(ISERROR(IG8*IG9),"",IG8*IG9) | IQ6: =IF(ISERROR(IH8*IH9),"",IH8*IH9) | IR6: =IF(ISERROR(II8*II9),"",II8*II9) | IS6: =IF(ISERROR(IJ8*IJ9),"",IJ8*IJ9) | IT6: =IF(IL6<>"",SUM(IL6:IS6),"") | IU6: =IF(IO10<>"",(IU5-IO10)/IO9,"") | IV6: =IF(IU6="","",IF(IU6>0,IY7+IU6,-1)) | IW6: =IF(IU6="","",IF(IU6>0,JA7+IU6,-1)) | IX6: =IF(IU6="","",IF(IU6>0,IV6,-1)) | IY6: =IF(IU6="","",IF(IU6>0,IW6,-1)) | IZ6: =IF(IU6="","",IF(IU6>0,IY7,-1)) | JA6: =IF(IU6="","",IF(IU6>0,IV6,-1)) | JB6: =IF(IU6="","",IF(IU6>0,IX6,-1)) | JC6: =IF(IU6="","",IF(IU6>0,IX6,-1)) | JD6: =IF(T7<>"",T7,"") -> 2 | JE6: =IF(JD5<>"",MAX(DV11,DX11),"") | JF6: =IF(JD6<>"",MAX(EW11,EY11),"") -> 15027.167 | JG6: =IF(JD7<>"",MAX(FX11,FZ11),"") -> 20146.311 | JH6: =IF(JD8<>"",MAX(GY11,HA11),"") -> 16567.629 | JI6: =IF(JD9<>"",MAX(HZ11,IB11),"") | JJ6: =IF(JJ5<>"",MAX(JA11,JC11),"") | JK6: =AVERAGE(JE6:JJ6) -> 17247.036 | JL6: =IF(ISNUMBER(JE10),JE10^2,"") | JM6: =IF(ISNUMBER(JF10),JF10^2,"") -> 2.4020313e-06 | JN6: =IF(ISNUMBER(JG10),JG10^2,"") -> 2.3324304e-08 | JO6: =IF(ISNUMBER(JH10),JH10^2,"") -> 2.8987507e-06 | JP6: =IF(ISNUMBER(JI10),JI10^2,"") | JQ6: =IF(ISNUMBER(JJ10),JJ10^2,"") | JR6: =SUM(JL6:JQ6) -> 5.3241063e-06 | JS6: y= | JT6: =JM11*JT5^2+JO11*JT5+JQ11 -> 20180.415 | JU6: =IF(T7<>0,LOOKUP(T7,Tara!$G$6:$G$185,Tara!$J$6:$J$185)/10,"") -> 11.494 | JV6: =IF(ISNUMBER(U7),MAX(Z7:AC7)-MIN(Z7:AC7),"") -> 0.16 | JW6: =IF(JV6<>"",JV6/JU6/10,"") -> 0.0013920306 | JX6: =IF(JD5<>"",JW5*100,"") | JY6: =IF(JD6<>"",JW6*100,"") -> 0.13920306 | JZ6: =IF(JD7<>"",JW7*100,"") -> 0.052173913 | KA6: =IF(JD8<>"",JW8*100,"") -> 0.043557801 | KB6: =IF(JD9<>"",JW9*100,"") | KC6: =IF(KC5<>"",JW10*100,"") | KD6: =AVERAGE(JX6:KC6) -> 0.078311592 | KE6: =IF(ISNUMBER(JX10),JX10^2,"") | KF6: =IF(ISNUMBER(JY10),JY10^2,"") -> 2.4020313e-06 | KG6: =IF(ISNUMBER(JZ10),JZ10^2,"") -> 2.3324304e-08 | KH6: =IF(ISNUMBER(KA10),KA10^2,"") -> 2.8987507e-06 | KI6: =IF(ISNUMBER(KB10),KB10^2,"") | KJ6: =IF(ISNUMBER(KC10),KC10^2,"") | KK6: =SUM(KE6:KJ6) -> 5.3241063e-06 | KL6: y= | KM6: =KF11*KM5^2+KH11*KM5+KJ11 -> 0.037590853 | KN6: =IF(ISNUMBER(AN5),LOOKUP(AN5,Tara!$A$6:$A$185,Tara!$B$6:$B$185),"") | KO6: =IF(ISNUMBER(AO5),LOOKUP(AO5,Tara!$A$6:$A$185,Tara!$B$6:$B$185),"") | KP6: =IF(ISNUMBER(AP5),LOOKUP(AP5,Tara!$A$6:$A$185,Tara!$B$6:$B$185),"") | KQ6: =IF(ISNUMBER(AQ5),LOOKUP(AQ5,Tara!$A$6:$A$185,Tara!$B$6:$B$185),"") | KR6: =IF(ISNUMBER(AR5),LOOKUP(AR5,Tara!$A$6:$A$185,Tara!$B$6:$B$185),"") | KS6: =IF(ISNUMBER(AN9),LOOKUP(AN9,Tara!$E$6:$E$185,Tara!$F$6:$F$185),"") | KT6: =IF(ISNUMBER(AO9),LOOKUP(AO9,Tara!$E$6:$E$185,Tara!$F$6:$F$185),"") | KU6: =IF(ISNUMBER(AP9),LOOKUP(AP9,Tara!$E$6:$E$185,Tara!$F$6:$F$185),"") | KV6: =IF(ISNUMBER(AQ9),LOOKUP(AQ9,Tara!$E$6:$E$185,Tara!$F$6:$F$185),"") | KW6: =IF(ISNUMBER(AR9),LOOKUP(AR9,Tara!$E$6:$E$185,Tara!$F$6:$F$185),"") | KY6: =IF(AX10<>"",AX10,"") | KZ6: =IF(BA10<>"",BA10,"") | LA6: =IF(ISNUMBER(AT9),LOOKUP(AT9,Tara!$C$6:$C$185,Tara!$D$6:$D$185),"") -> 26.16 | LB6: =IF(ISNUMBER(AW9),LOOKUP(AW9,Tara!$C$6:$C$185,Tara!$D$6:$D$185),"") -> 34.16 | LC6: =IF(BG9<>"",BG9,"") -> 2501.74 | LD6: =IF(BH9<>"",BH9,"") -> 153.66 | LE6: =IF(AZ9<>"",AZ9,"") -> 0 | LF6: =IF(BA9<>"",BA9,"") -> 0 | LG6: =IF(BB9<>"",BB9,"") -> 56.94 | LH6: =IF(BC9<>"",BC9,"") -> 90.69 | LI6: =IF(BD9<>"",BD9,"") -> 315.09 | LJ6: =IF(BE9<>"",BE9,"") -> 402.2 | LK6: =IF(BF9<>"",BF9,"") -> 311.08 | LL6: =IF(BI9<>"",BI9,"") -> 32.71 | LM6: =IF(BK9<>"",BK9,"") -> 54.51 | LN6: =IF(LM9="","",IF(AND(LE9>=93%,LE9<=100%,LI9>=23%,LI9<=72%,LJ9>20%,LJ9<=60%,LK9>=10%,LK9<=45%,LL9>=6%,LL9<=22%,LM9>=0%,LM9<=10%),"Faixa A")) -> FALSE | LO6: =IF(LM9="","",IF(AND(LG9>=93%,LG9<=100%,LJ9>=50%,LJ9<=100%,LK9>=35%,LK9<=100%,LL9>=18%,LL9<=52%,LM9>=4%,LM9<=22%),"Faixa E")) -> FALSE | LR6: FAIXA | MF6: Dados da Amostra | MI6: Granulometria | MS6: Limites Físicos | MZ6: Laboratorio | ND6: Campo | NG6: Ensaioe de ISC/EXP
B7: Posição : | C7: - | D7: Data | E7: 45804 | G7: Completa | H7: X | I7: Peso Bruto Úmido | P7: 186.55 | Q7: 201.76 | T7: =IF(U7="","",2) -> 2 | U7: =IF(K10="","",K10) -> 28 | Z7: 1 | AA7: 1 | AB7: 1 | AC7: 1.16 | AD7: 192 | AE7: 325 | AF7: 410 | AG7: 546 | AH7: 710 | AI7: 819 | AJ7: 928 | AK7: 1079 | AM7: Cápsula+solo seco | AT7: Nº | AU7: Solo Úm + Tara | AV7: Solo Seco + Tara | AW7: Nº | AX7: Solo Úm + Tara | AY7: Solo Seco + Tara | AZ7: 2" | BA7: 1 ½" | BB7: 1" | BC7: ¾" | BD7: 3/8" | BE7: 4 | BF7: 10 | BG7: Total Úmido | BH7: Amostra Úmida | BI7: 40 | BJ7: 100 | BK7: 200 | BN7: Peso do Solo Seco | BO7: =IF(ISNUMBER(J6),J8-BO6,"") | BP7: =IF(ISNUMBER(K6),K8-BP6,"") | BQ7: =IF(ISNUMBER(L6),L8-BQ6,"") | BR7: =IF(ISNUMBER(M6),M8-BR6,"") | BS7: =IF(ISNUMBER(N6),N8-BS6,"") | BT7: =IF(ISNUMBER(O6),O8-BT6,"") | BU7: =IF(ISNUMBER(P6),P8-BU6,"") -> 161.07 | BV7: =IF(ISNUMBER(Q6),Q8-BV6,"") -> 185.19 | BX7: Vol do Cilindro | BY7: =IF(ISNUMBER(J10),LOOKUP(J10,Tara!$G$6:$G$185,Tara!$I$6:$I$185),"") -> 2082 | BZ7: =IF(ISNUMBER(K10),LOOKUP(K10,Tara!$G$6:$G$185,Tara!$I$6:$I$185),"") -> 2083 | CA7: =IF(ISNUMBER(L10),LOOKUP(L10,Tara!$G$6:$G$185,Tara!$I$6:$I$185),"") -> 2037 | CB7: =IF(ISNUMBER(M10),LOOKUP(M10,Tara!$G$6:$G$185,Tara!$I$6:$I$185),"") -> 2068 | CC7: =IF(ISNUMBER(N10),LOOKUP(N10,Tara!$G$6:$G$185,Tara!$I$6:$I$185),"") -> 2082 | CD7: =IF(ISNUMBER(O10),LOOKUP(O10,Tara!$G$6:$G$185,Tara!$I$6:$I$185),"") | CE7: =IF(ISNUMBER(CE5),CE5^2,"") -> 0.00054992709 | CF7: =IF(ISNUMBER(CF5),CF5^2,"") -> 0.001488884 | CG7: =IF(ISNUMBER(CG5),CG5^2,"") -> 0.0028860099 | CH7: =IF(ISNUMBER(CH5),CH5^2,"") -> 0.0047413046 | CI7: =IF(ISNUMBER(CI5),CI5^2,"") -> 0.0070547683 | CJ7: =IF(ISNUMBER(CJ5),CJ5^2,"") | CK7: =AVERAGE(CE7:CJ7) -> 0.0033441788 | CL7: =IF(ISERROR(CE9*CE9),"",CE8*CE9) -> 5.3253522 | CM7: =IF(ISERROR(CF9*CF9),"",CF8*CF9) -> 0.84219282 | CN7: =IF(ISERROR(CG9*CG9),"",CG8*CG9) -> 0 | CO7: =IF(ISERROR(CH9*CH9),"",CH8*CH9) -> 2.3287259 | CP7: =IF(ISERROR(CI9*CI9),"",CI8*CI9) -> -2.8343423 | CQ7: =IF(ISERROR(CJ9*CJ9),"",CJ8*CJ9) | CR7: =SUM(CL7:CQ7) -> 5.6619286 | CU7: =IF(ISNUMBER(R6),R8-CU6,"") | CV7: =IF(ISNUMBER(S6),S8-CV6,"") | CX7: =IF(CX6<>"",CX5^2,"") | CY7: =IF(CY6<>"",CY5^2,"") | CZ7: =IF(CZ6<>"",CZ5^2,"") | DA7: =IF(DA6<>"",DA5^2,"") | DB7: =IF(DB6<>"",DB5^2,"") | DC7: =IF(DC6<>"",DC5^2,"") | DD7: =IF(DD6<>"",DD5^2,"") | DE7: =IF(DE6<>"",DE5^2,"") | DF7: =IF(CX7<>"",AVERAGE(CX7:DE7),"") | DG7: =IF(ISERROR(CX9*CX10),"",CX9*CX10) | DH7: =IF(ISERROR(CY9*CY10),"",CY9*CY10) | DI7: =IF(ISERROR(CZ9*CZ10),"",CZ9*CZ10) | DJ7: =IF(ISERROR(DA9*DA10),"",DA9*DA10) | DK7: =IF(ISERROR(DB9*DB10),"",DB9*DB10) | DL7: =IF(ISERROR(DC9*DC10),"",DC9*DC10) | DM7: =IF(ISERROR(DD9*DD10),"",DD9*DD10) | DN7: =IF(ISERROR(DE9*DE10),"",DE9*DE10) | DO7: =IF(DG7<>"",SUM(DG7:DN7),"") | DP7: 0 | DQ7: 0.63 | DR7: 1.27 | DS7: 1.9 | DT7: 2.54 | DU7: 3.81 | DV7: 5.08 | DW7: 6.35 | DX7: 7.62 | DY7: =IF(DY6<>"",DY5^2,"") -> 0.3969 | DZ7: =IF(DZ6<>"",DZ5^2,"") -> 1.6129 | EA7: =IF(EA6<>"",EA5^2,"") -> 3.61 | EB7: =IF(EB6<>"",EB5^2,"") -> 6.4516 | EC7: =IF(EC6<>"",EC5^2,"") -> 14.5161 | ED7: =IF(ED6<>"",ED5^2,"") -> 25.8064 | EE7: =IF(EE6<>"",EE5^2,"") -> 40.3225 | EF7: =IF(EF6<>"",EF5^2,"") -> 58.0644 | EG7: =IF(DY7<>"",AVERAGE(DY7:EF7),"") -> 18.8476 | EH7: =IF(ISERROR(DY9*DY10),"",DY9*DY10) -> 154991.76 | EI7: =IF(ISERROR(DZ9*DZ10),"",DZ9*DZ10) -> 100422.61 | EJ7: =IF(ISERROR(EA9*EA10),"",EA9*EA10) -> 63723.929 | EK7: =IF(ISERROR(EB9*EB10),"",EB9*EB10) -> 19218.991 | EL7: =IF(ISERROR(EC9*EC10),"",EC9*EC10) -> -7029.9433 | EM7: =IF(ISERROR(ED9*ED10),"",ED9*ED10) -> 25971.155 | EN7: =IF(ISERROR(EE9*EE10),"",EE9*EE10) -> 125440.93 | EO7: =IF(ISERROR(EF9*EF10),"",EF9*EF10) -> 343661.97 | EP7: =IF(EH7<>"",SUM(EH7:EO7),"") -> 826401.4 | EQ7: 0 | ER7: 0.63 | ES7: 1.27 | ET7: 1.9 | EU7: 2.54 | EV7: 3.81 | EW7: 5.08 | EX7: 6.35 | EY7: 7.62 | EZ7: =IF(EZ6<>"",EZ5^2,"") -> 0.3969 | FA7: =IF(FA6<>"",FA5^2,"") -> 1.6129 | FB7: =IF(FB6<>"",FB5^2,"") -> 3.61 | FC7: =IF(FC6<>"",FC5^2,"") -> 6.4516 | FD7: =IF(FD6<>"",FD5^2,"") -> 14.5161 | FE7: =IF(FE6<>"",FE5^2,"") -> 25.8064 | FF7: =IF(FF6<>"",FF5^2,"") -> 40.3225 | FG7: =IF(FG6<>"",FG5^2,"") -> 58.0644 | FH7: =IF(EZ7<>"",AVERAGE(EZ7:FG7),"") -> 18.8476 | FI7: =IF(ISERROR(EZ9*EZ10),"",EZ9*EZ10) -> 224700.12 | FJ7: =IF(ISERROR(FA9*FA10),"",FA9*FA10) -> 136523.06 | FK7: =IF(ISERROR(FB9*FB10),"",FB9*FB10) -> 61438.86 | FL7: =IF(ISERROR(FC9*FC10),"",FC9*FC10) -> 23596.483 | FM7: =IF(ISERROR(FD9*FD10),"",FD9*FD10) -> -7092.8042 | FN7: =IF(ISERROR(FE9*FE10),"",FE9*FE10) -> 36036.45 | FO7: =IF(ISERROR(FF9*FF10),"",FF9*FF10) -> 179772.7 | FP7: =IF(ISERROR(FG9*FG10),"",FG9*FG10) -> 425427.52 | FQ7: =IF(FI7<>"",SUM(FI7:FP7),"") -> 1080402.4 | FR7: 0 | FS7: 0.63 | FT7: 1.27 | FU7: 1.9 | FV7: 2.54 | FW7: 3.81 | FX7: 5.08 | FY7: 6.35 | FZ7: 7.62 | GA7: =IF(GA6<>"",GA5^2,"") -> 0.3969 | GB7: =IF(GB6<>"",GB5^2,"") -> 1.6129 | GC7: =IF(GC6<>"",GC5^2,"") -> 3.61 | GD7: =IF(GD6<>"",GD5^2,"") -> 6.4516 | GE7: =IF(GE6<>"",GE5^2,"") -> 14.5161 | GF7: =IF(GF6<>"",GF5^2,"") -> 25.8064 | GG7: =IF(GG6<>"",GG5^2,"") -> 40.3225 | GH7: =IF(GH6<>"",GH5^2,"") -> 58.0644 | GI7: =IF(GA7<>"",AVERAGE(GA7:GH7),"") -> 18.8476 | GJ7: =IF(ISERROR(GA9*GA10),"",GA9*GA10) -> 190069.08 | GK7: =IF(ISERROR(GB9*GB10),"",GB9*GB10) -> 127185.3 | GL7: =IF(ISERROR(GC9*GC10),"",GC9*GC10) -> 54952.214 | GM7: =IF(ISERROR(GD9*GD10),"",GD9*GD10) -> 19278.956 | GN7: =IF(ISERROR(GE9*GE10),"",GE9*GE10) -> -10864.458 | GO7: =IF(ISERROR(GF9*GF10),"",GF9*GF10) -> 29573.117 | GP7: =IF(ISERROR(GG9*GG10),"",GG9*GG10) -> 141543.08 | GQ7: =IF(ISERROR(GH9*GH10),"",GH9*GH10) -> 372308.37 | GR7: =IF(GJ7<>"",SUM(GJ7:GQ7),"") -> 924045.65 | GS7: 0 | GT7: 0.63 | GU7: 1.27 | GV7: 1.9 | GW7: 2.54 | GX7: 3.81 | GY7: 5.08 | GZ7: 6.35 | HA7: 7.62 | HB7: =IF(HB6<>"",HB5^2,"") | HC7: =IF(HC6<>"",HC5^2,"") | HD7: =IF(HD6<>"",HD5^2,"") | HE7: =IF(HE6<>"",HE5^2,"") | HF7: =IF(HF6<>"",HF5^2,"") | HG7: =IF(HG6<>"",HG5^2,"") | HH7: =IF(HH6<>"",HH5^2,"") | HI7: =IF(HI6<>"",HI5^2,"") | HJ7: =IF(HB7<>"",AVERAGE(HB7:HI7),"") | HK7: =IF(ISERROR(HB9*HB10),"",HB9*HB10) | HL7: =IF(ISERROR(HC9*HC10),"",HC9*HC10) | HM7: =IF(ISERROR(HD9*HD10),"",HD9*HD10) | HN7: =IF(ISERROR(HE9*HE10),"",HE9*HE10) | HO7: =IF(ISERROR(HF9*HF10),"",HF9*HF10) | HP7: =IF(ISERROR(HG9*HG10),"",HG9*HG10) | HQ7: =IF(ISERROR(HH9*HH10),"",HH9*HH10) | HR7: =IF(ISERROR(HI9*HI10),"",HI9*HI10) | HS7: =IF(HK7<>"",SUM(HK7:HR7),"") | HT7: 0 | HU7: 0.63 | HV7: 1.27 | HW7: 1.9 | HX7: 2.54 | HY7: 3.81 | HZ7: 5.08 | IA7: 6.35 | IB7: 7.62 | IC7: =IF(IC6<>"",IC5^2,"") | ID7: =IF(ID6<>"",ID5^2,"") | IE7: =IF(IE6<>"",IE5^2,"") | IF7: =IF(IF6<>"",IF5^2,"") | IG7: =IF(IG6<>"",IG5^2,"") | IH7: =IF(IH6<>"",IH5^2,"") | II7: =IF(II6<>"",II5^2,"") | IJ7: =IF(IJ6<>"",IJ5^2,"") | IK7: =IF(IC7<>"",AVERAGE(IC7:IJ7),"") | IL7: =IF(ISERROR(IC9*IC10),"",IC9*IC10) | IM7: =IF(ISERROR(ID9*ID10),"",ID9*ID10) | IN7: =IF(ISERROR(IE9*IE10),"",IE9*IE10) | IO7: =IF(ISERROR(IF9*IF10),"",IF9*IF10) | IP7: =IF(ISERROR(IG9*IG10),"",IG9*IG10) | IQ7: =IF(ISERROR(IH9*IH10),"",IH9*IH10) | IR7: =IF(ISERROR(II9*II10),"",II9*II10) | IS7: =IF(ISERROR(IJ9*IJ10),"",IJ9*IJ10) | IT7: =IF(IL7<>"",SUM(IL7:IS7),"") | IU7: 0 | IV7: 0.63 | IW7: 1.27 | IX7: 1.9 | IY7: 2.54 | IZ7: 3.81 | JA7: 5.08 | JB7: 6.35 | JC7: 7.62 | JD7: =IF(T8<>"",T8,"") -> 3 | JE7: =IF(ISNUMBER(JE5),JE5^2,"") | JF7: =IF(ISNUMBER(JF5),JF5^2,"") -> 0.001488884 | JG7: =IF(ISNUMBER(JG5),JG5^2,"") -> 0.0028860099 | JH7: =IF(ISNUMBER(JH5),JH5^2,"") -> 0.0047413046 | JI7: =IF(ISNUMBER(JI5),JI5^2,"") | JJ7: =IF(ISNUMBER(JJ5),JJ5^2,"") | JK7: =AVERAGE(JE7:JJ7) -> 0.0030387329 | JL7: =IF(ISERROR(JE9*JE9),"",JE8*JE9) | JM7: =IF(ISERROR(JF9*JF9),"",JF8*JF9) -> 33.598907 | JN7: =IF(ISERROR(JG9*JG9),"",JG8*JG9) -> 0 | JO7: =IF(ISERROR(JH9*JH9),"",JH8*JH9) -> -10.283184 | JP7: =IF(ISERROR(JI9*JI9),"",JI8*JI9) | JQ7: =IF(ISERROR(JJ9*JJ9),"",JJ8*JJ9) | JR7: =SUM(JL7:JQ7) -> 23.315724 | JU7: =IF(T8<>0,LOOKUP(T8,Tara!$G$6:$G$185,Tara!$J$6:$J$185)/10,"") -> 11.5 | JV7: =IF(ISNUMBER(U8),MAX(Z8:AC8)-MIN(Z8:AC8),"") -> 0.06 | JW7: =IF(JV7<>"",JV7/JU7/10,"") -> 0.00052173913 | JX7: =IF(ISNUMBER(JX5),JX5^2,"") | JY7: =IF(ISNUMBER(JY5),JY5^2,"") -> 0.001488884 | JZ7: =IF(ISNUMBER(JZ5),JZ5^2,"") -> 0.0028860099 | KA7: =IF(ISNUMBER(KA5),KA5^2,"") -> 0.0047413046 | KB7: =IF(ISNUMBER(KB5),KB5^2,"") | KC7: =IF(ISNUMBER(KC5),KC5^2,"") | KD7: =AVERAGE(JX7:KC7) -> 0.0030387329 | KE7: =IF(ISERROR(JX9*JX9),"",JX8*JX9) | KF7: =IF(ISERROR(JY9*JY9),"",JY8*JY9) -> 261.04102 | KG7: =IF(ISERROR(JZ9*JZ9),"",JZ8*JZ9) -> 0 | KH7: =IF(ISERROR(KA9*KA9),"",KA8*KA9) -> -261.04247 | KI7: =IF(ISERROR(KB9*KB9),"",KB8*KB9) | KJ7: =IF(ISERROR(KC9*KC9),"",KC8*KC9) | KK7: =SUM(KE7:KJ7) -> -0.0014476423 | KN7: =IF(ISNUMBER(AN7),AN7-KN6,"") | KO7: =IF(ISNUMBER(AO7),AO7-KO6,"") | KP7: =IF(ISNUMBER(AP7),AP7-KP6,"") | KQ7: =IF(ISNUMBER(AQ7),AQ7-KQ6,"") | KR7: =IF(ISNUMBER(AR7),AR7-KR6,"") | KS7: =IF(ISNUMBER(AN11),AN11-KS6,"") | KT7: =IF(ISNUMBER(AO11),AO11-KT6,"") | KU7: =IF(ISNUMBER(AP11),AP11-KU6,"") | KV7: =IF(ISNUMBER(AQ11),AQ11-KV6,"") | KW7: =IF(ISNUMBER(AR11),AR11-KW6,"") | KX7: IP | KY7: =IF(AX11<>"",AX11,"") | KZ7: =IF(BA11<>"",BA11,"") | LA7: =IF(ISNUMBER(AV9),AV9-LA6,"") -> -25.16 | LB7: =IF(ISNUMBER(AY9),AY9-LB6,"") -> -33.16 | LC7: =IF(LC6<>"",SUM(LE6:LK6),"") -> 1176 | LD7: =IF(LC6<>"",LC9+LC7,"") -> 2501.74 | LE7: =IF(LC6="","",IF(LE6=0,IF(LD7>0,LD7,""),IF(LE6>0,LD7-LE6,""))) -> 2501.74 | LF7: =IF($LC6="","",LE7-LF6) -> 2501.74 | LG7: =IF($LC6="","",LF7-LG6) -> 2444.8 | LH7: =IF($LC6="","",LG7-LH6) -> 2354.11 | LI7: =IF($LC6="","",LH7-LI6) -> 2039.02 | LJ7: =IF($LC6="","",LI7-LJ6) -> 1636.82 | LK7: =IF($LC6="","",LJ7-LK6) -> 1325.74 | LL7: =IF(LD6<>"",LD8-LL6,"") -> 120.95 | LM7: =IF(LD6<>"",LL7-LM6,"") -> 66.44 | LN7: =IF(LM9="","",IF(AND(LE9>=93%,LE9<=100%,LG9>=68%,LG9<=97%,LI9>=33%,LI9<=82%,LJ9>=25%,LJ9<=65%,LK9>=15%,LK9<=50%,LL9>=13%,LL9<=32%,LM9>=3%,LM9<=17%),"Faixa B")) -> FALSE | LO7: =IF(LM9="","",IF(AND(LG9>=93%,LG9<=100%,LJ9>=65%,LJ9<=100%,LK9>=50%,LK9<=100%,LL9>=28%,LL9<=72%,LM9>=6%,LM9<=27%),"Faixa F")) -> Faixa F | LR7: =IF(LL9>70%,"",IF(LM9="","",IF(LO9>0,LO9,IF(LQ9>0,LQ9)))) -> D | MF7: EST: | MG7: POS: | MH7: DATA: | MI7: 2`` | MJ7: 1 1/2`` | MK7: 1`` | ML7: 3/4`` | MM7: 3/8`` | MN7: 4 | MO7: 10 | MP7: 40 | MQ7: 200 | MR7: 270 | MS7: LL | MT7: I.P. | MU7: E.A . | MV7: I.G. | MW7: H.R.B. | MX7: SUCS | MY7: FAIXA | MZ7: UMID. | NA7: DENS. | NB7: ISC | NC7: EXP | ND7: UMID. | NE7: DENS. | NF7: G.C. | NG7: UMID. | NH7: DENS. | NI7: EXP. | NJ7: I.S.C. | NK7: UMID. | NL7: DENS. | NM7: EXP. | NN7: I.S.C. | NO7: UMID. | NP7: DENS. | NQ7: EXP. | NR7: I.S.C. | NS7: UMID. | NT7: DENS. | NU7: EXP. | NV7: I.S.C. | NW7: UMID. | NX7: DENS. | NY7: EXP. | NZ7: I.S.C. | OA7: UMID. | OB7: DENS. | OC7: EXP. | OD7: I.S.C.
B8: Camada: | C8: AVALIAR | G8: Trabalhada | I8: Peso Bruto Seco | P8: 185.17 | Q8: 200 | T8: =IF(U8="","",3) -> 3 | U8: =IF(L10="","",L10) -> 46 | W8: Constante da Prensa | Z8: 1 | AA8: 1 | AB8: 1 | AC8: 1.06 | AD8: 201 | AE8: 421 | AF8: 622 | AG8: 732 | AH8: 915 | AI8: 1098 | AJ8: 1263 | AK8: 1391 | AM8: Nº de golpes | AZ8: 50.8 | BA8: 38.1 | BB8: 25.4 | BC8: 19.1 | BD8: 9.52 | BE8: 4.76 | BF8: 2 | BI8: 0.42 | BJ8: 0.149 | BK8: 0.074 | BN8: Umidade | BO8: =IF(ISNUMBER(BO7),BO5/BO7,"") | BP8: =IF(ISNUMBER(BP7),BP5/BP7,"") | BQ8: =IF(ISNUMBER(BQ7),BQ5/BQ7,"") | BR8: =IF(ISNUMBER(BR7),BR5/BR7,"") | BS8: =IF(ISNUMBER(BS7),BS5/BS7,"") | BT8: =IF(ISNUMBER(BT7),BT5/BT7,"") | BU8: =IF(ISNUMBER(BU7),BU5/BU7,"") -> 0.0085677035 | BV8: =IF(ISNUMBER(BV7),BV5/BV7,"") -> 0.0095037529 | BX8: Peso do Solo Úmido | BY8: =IF(J11<>0,J11-BY6,"") -> 4045 | BZ8: =IF(K11<>0,K11-BZ6,"") -> 4367 | CA8: =IF(L11<>0,L11-CA6,"") -> 4820 | CB8: =IF(M11<>0,M11-CB6,"") -> 4925 | CC8: =IF(N11<>0,N11-CC6,"") -> 4470 | CD8: =IF(O11<>0,O11-CD6,"") | CE8: =IF(ISNUMBER(CE5),CE5-$CK5,"") -> -0.030271072 | CF8: =IF(ISNUMBER(CF5),CF5-$CK5,"") -> -0.015135536 | CG8: =IF(ISNUMBER(CG5),CG5-$CK5,"") -> 0 | CH8: =IF(ISNUMBER(CH5),CH5-$CK5,"") -> 0.015135536 | CI8: =IF(ISNUMBER(CI5),CI5-$CK5,"") -> 0.030271072 | CJ8: =IF(ISNUMBER(CJ5),CJ5-$CK5,"") | CL8: =IF(ISERROR(CE9*CE10),"",CE9*CE10) -> 0.49157078 | CM8: =IF(ISERROR(CF9*CF10),"",CF9*CF10) -> 0.10323493 | CN8: =IF(ISERROR(CG9*CG10),"",CG9*CG10) -> -0.0785024 | CO8: =IF(ISERROR(CH9*CH10),"",CH9*CH10) -> 0.21495923 | CP8: =IF(ISERROR(CI9*CI10),"",CI9*CI10) -> -0.34743007 | CQ8: =IF(ISERROR(CJ9*CJ10),"",CJ9*CJ10) | CR8: =SUM(CL8:CQ8) -> 0.38383246 | CU8: =IF(ISNUMBER(CU7),CU5/CU7,"") | CV8: =IF(ISNUMBER(CV7),CV5/CV7,"") | CX8: =IF(ISNUMBER(CX6),CX5-DF5,"") | CY8: =IF(ISNUMBER(CY6),CY5-DF5,"") | CZ8: =IF(ISNUMBER(CZ6),CZ5-DF5,"") | DA8: =IF(ISNUMBER(DA6),DA5-DF5,"") | DB8: =IF(ISNUMBER(DB6),DB5-DF5,"") | DC8: =IF(ISNUMBER(DC6),DC5-DF5,"") | DD8: =IF(ISNUMBER(DD6),DD5-DF5,"") | DE8: =IF(ISNUMBER(DE6),DE5-DF5,"") | DF8: =IF(CX8<>"",SUM(CX8:DE8),"") | DG8: =IF(ISERROR(CX8*CX10),"",CX8*CX10) | DH8: =IF(ISERROR(CY8*CY10),"",CY8*CY10) | DI8: =IF(ISERROR(CZ8*CZ10),"",CZ8*CZ10) | DJ8: =IF(ISERROR(DA8*DA10),"",DA8*DA10) | DK8: =IF(ISERROR(DB8*DB10),"",DB8*DB10) | DL8: =IF(ISERROR(DC8*DC10),"",DC8*DC10) | DM8: =IF(ISERROR(DD8*DD10),"",DD8*DD10) | DN8: =IF(ISERROR(DE8*DE10),"",DE8*DE10) | DO8: =IF(DG8<>"",SUM(DG8:DN8),"") | DP8: =IF(DP6="","",IF(DP6>0,(DJ9*DP7)+DJ10,-1)) | DQ8: =IF(DP6="","",IF(DP6>0,(DJ9*DQ7)+DJ10,-1)) | DR8: =IF(DP6="","",IF(DP6>0,(DJ9*DR7)+DJ10,-1)) | DS8: =IF(DP6="","",IF(DP6>0,(DJ9*DS7)+DJ10,-1)) | DT8: =IF(DP6="","",IF(DP6>0,(DJ9*DT7)+DJ10,-1)) | DU8: =IF(DP6="","",IF(DP6>0,(DJ9*DU7)+DJ10,-1)) | DV8: =IF(DP6="","",IF(DP6>0,(DJ9*DV7)+DJ10,-1)) | DW8: =IF(DP6="","",IF(DP6>0,(DJ9*DW7)+DJ10,-1)) | DX8: =IF(DP6="","",IF(DP6>0,(DJ9*DX7)+DJ10,-1)) | DY8: =IF(ISNUMBER(DY6),DY5-EG5,"") -> -3.02 | DZ8: =IF(ISNUMBER(DZ6),DZ5-EG5,"") -> -2.38 | EA8: =IF(ISNUMBER(EA6),EA5-EG5,"") -> -1.75 | EB8: =IF(ISNUMBER(EB6),EB5-EG5,"") -> -1.11 | EC8: =IF(ISNUMBER(EC6),EC5-EG5,"") -> 0.16 | ED8: =IF(ISNUMBER(ED6),ED5-EG5,"") -> 1.43 | EE8: =IF(ISNUMBER(EE6),EE5-EG5,"") -> 2.7 | EF8: =IF(ISNUMBER(EF6),EF5-EG5,"") -> 3.97 | EG8: =IF(DY8<>"",SUM(DY8:EF8),"") -> 0 | EH8: =IF(ISERROR(DY8*DY10),"",DY8*DY10) -> 55.721114 | EI8: =IF(ISERROR(DZ8*DZ10),"",DZ8*DZ10) -> 41.018586 | EJ8: =IF(ISERROR(EA8*EA10),"",EA8*EA10) -> 26.6658 | EK8: =IF(ISERROR(EB8*EB10),"",EB8*EB10) -> 13.75956 | EL8: =IF(ISERROR(EC8*EC10),"",EC8*EC10) -> -0.69304 | EM8: =IF(ISERROR(ED8*ED10),"",ED8*ED10) -> 9.951084 | EN8: =IF(ISERROR(EE8*EE10),"",EE8*EE10) -> 57.98223 | EO8: =IF(ISERROR(EF8*EF10),"",EF8*EF10) -> 155.6907 | EP8: =IF(EH8<>"",SUM(EH8:EO8),"") -> 360.09603 | EQ8: =IF(EQ6="","",IF(EQ6>0,(EK9*EQ7)+EK10,-1)) -> -1 | ER8: =IF(EQ6="","",IF(EQ6>0,(EK9*ER7)+EK10,-1)) -> -1 | ES8: =IF(EQ6="","",IF(EQ6>0,(EK9*ES7)+EK10,-1)) -> -1 | ET8: =IF(EQ6="","",IF(EQ6>0,(EK9*ET7)+EK10,-1)) -> -1 | EU8: =IF(EQ6="","",IF(EQ6>0,(EK9*EU7)+EK10,-1)) -> -1 | EV8: =IF(EQ6="","",IF(EQ6>0,(EK9*EV7)+EK10,-1)) -> -1 | EW8: =IF(EQ6="","",IF(EQ6>0,(EK9*EW7)+EK10,-1)) -> -1 | EX8: =IF(EQ6="","",IF(EQ6>0,(EK9*EX7)+EK10,-1)) -> -1 | EY8: =IF(EQ6="","",IF(EQ6>0,(EK9*EY7)+EK10,-1)) -> -1 | EZ8: =IF(ISNUMBER(EZ6),EZ5-FH5,"") -> -3.02 | FA8: =IF(ISNUMBER(FA6),FA5-FH5,"") -> -2.38 | FB8: =IF(ISNUMBER(FB6),FB5-FH5,"") -> -1.75 | FC8: =IF(ISNUMBER(FC6),FC5-FH5,"") -> -1.11 | FD8: =IF(ISNUMBER(FD6),FD5-FH5,"") -> 0.16 | FE8: =IF(ISNUMBER(FE6),FE5-FH5,"") -> 1.43 | FF8: =IF(ISNUMBER(FF6),FF5-FH5,"") -> 2.7 | FG8: =IF(ISNUMBER(FG6),FG5-FH5,"") -> 3.97 | FH8: =IF(EZ8<>"",SUM(EZ8:FG8),"") -> 0 | FI8: =IF(ISERROR(EZ8*EZ10),"",EZ8*EZ10) -> 55.721114 | FJ8: =IF(ISERROR(FA8*FA10),"",FA8*FA10) -> 41.018586 | FK8: =IF(ISERROR(FB8*FB10),"",FB8*FB10) -> 26.6658 | FL8: =IF(ISERROR(FC8*FC10),"",FC8*FC10) -> 13.75956 | FM8: =IF(ISERROR(FD8*FD10),"",FD8*FD10) -> -0.69304 | FN8: =IF(ISERROR(FE8*FE10),"",FE8*FE10) -> 9.951084 | FO8: =IF(ISERROR(FF8*FF10),"",FF8*FF10) -> 57.98223 | FP8: =IF(ISERROR(FG8*FG10),"",FG8*FG10) -> 155.6907 | FQ8: =IF(FI8<>"",SUM(FI8:FP8),"") -> 360.09603 | FR8: =IF(FR6="","",IF(FR6>0,(FL9*FR7)+FL10,-1)) -> -1 | FS8: =IF(FR6="","",IF(FR6>0,(FL9*FS7)+FL10,-1)) -> -1 | FT8: =IF(FR6="","",IF(FR6>0,(FL9*FT7)+FL10,-1)) -> -1 | FU8: =IF(FR6="","",IF(FR6>0,(FL9*FU7)+FL10,-1)) -> -1 | FV8: =IF(FR6="","",IF(FR6>0,(FL9*FV7)+FL10,-1)) -> -1 | FW8: =IF(FR6="","",IF(FR6>0,(FL9*FW7)+FL10,-1)) -> -1 | FX8: =IF(FR6="","",IF(FR6>0,(FL9*FX7)+FL10,-1)) -> -1 | FY8: =IF(FR6="","",IF(FR6>0,(FL9*FY7)+FL10,-1)) -> -1 | FZ8: =IF(FR6="","",IF(FR6>0,(FL9*FZ7)+FL10,-1)) -> -1 | GA8: =IF(ISNUMBER(GA6),GA5-GI5,"") -> -3.02 | GB8: =IF(ISNUMBER(GB6),GB5-GI5,"") -> -2.38 | GC8: =IF(ISNUMBER(GC6),GC5-GI5,"") -> -1.75 | GD8: =IF(ISNUMBER(GD6),GD5-GI5,"") -> -1.11 | GE8: =IF(ISNUMBER(GE6),GE5-GI5,"") -> 0.16 | GF8: =IF(ISNUMBER(GF6),GF5-GI5,"") -> 1.43 | GG8: =IF(ISNUMBER(GG6),GG5-GI5,"") -> 2.7 | GH8: =IF(ISNUMBER(GH6),GH5-GI5,"") -> 3.97 | GI8: =IF(GA8<>"",SUM(GA8:GH8),"") -> 0 | GJ8: =IF(ISERROR(GA8*GA10),"",GA8*GA10) -> 55.721114 | GK8: =IF(ISERROR(GB8*GB10),"",GB8*GB10) -> 41.018586 | GL8: =IF(ISERROR(GC8*GC10),"",GC8*GC10) -> 26.6658 | GM8: =IF(ISERROR(GD8*GD10),"",GD8*GD10) -> 13.75956 | GN8: =IF(ISERROR(GE8*GE10),"",GE8*GE10) -> -0.69304 | GO8: =IF(ISERROR(GF8*GF10),"",GF8*GF10) -> 9.951084 | GP8: =IF(ISERROR(GG8*GG10),"",GG8*GG10) -> 57.98223 | GQ8: =IF(ISERROR(GH8*GH10),"",GH8*GH10) -> 155.6907 | GR8: =IF(GJ8<>"",SUM(GJ8:GQ8),"") -> 360.09603 | GS8: =IF(GS6="","",IF(GS6>0,(GM9*GS7)+GM10,-1)) -> -1 | GT8: =IF(GS6="","",IF(GS6>0,(GM9*GT7)+GM10,-1)) -> -1 | GU8: =IF(GS6="","",IF(GS6>0,(GM9*GU7)+GM10,-1)) -> -1 | GV8: =IF(GS6="","",IF(GS6>0,(GM9*GV7)+GM10,-1)) -> -1 | GW8: =IF(GS6="","",IF(GS6>0,(GM9*GW7)+GM10,-1)) -> -1 | GX8: =IF(GS6="","",IF(GS6>0,(GM9*GX7)+GM10,-1)) -> -1 | GY8: =IF(GS6="","",IF(GS6>0,(GM9*GY7)+GM10,-1)) -> -1 | GZ8: =IF(GS6="","",IF(GS6>0,(GM9*GZ7)+GM10,-1)) -> -1 | HA8: =IF(GS6="","",IF(GS6>0,(GM9*HA7)+GM10,-1)) -> -1 | HB8: =IF(ISNUMBER(HB6),HB5-HJ5,"") | HC8: =IF(ISNUMBER(HC6),HC5-HJ5,"") | HD8: =IF(ISNUMBER(HD6),HD5-HJ5,"") | HE8: =IF(ISNUMBER(HE6),HE5-HJ5,"") | HF8: =IF(ISNUMBER(HF6),HF5-HJ5,"") | HG8: =IF(ISNUMBER(HG6),HG5-HJ5,"") | HH8: =IF(ISNUMBER(HH6),HH5-HJ5,"") | HI8: =IF(ISNUMBER(HI6),HI5-HJ5,"") | HJ8: =IF(HB8<>"",SUM(HB8:HI8),"") | HK8: =IF(ISERROR(HB8*HB10),"",HB8*HB10) | HL8: =IF(ISERROR(HC8*HC10),"",HC8*HC10) | HM8: =IF(ISERROR(HD8*HD10),"",HD8*HD10) | HN8: =IF(ISERROR(HE8*HE10),"",HE8*HE10) | HO8: =IF(ISERROR(HF8*HF10),"",HF8*HF10) | HP8: =IF(ISERROR(HG8*HG10),"",HG8*HG10) | HQ8: =IF(ISERROR(HH8*HH10),"",HH8*HH10) | HR8: =IF(ISERROR(HI8*HI10),"",HI8*HI10) | HS8: =IF(HK8<>"",SUM(HK8:HR8),"") | HT8: =IF(HT6="","",IF(HT6>0,(HN9*HT7)+HN10,-1)) | HU8: =IF(HT6="","",IF(HT6>0,(HN9*HU7)+HN10,-1)) | HV8: =IF(HT6="","",IF(HT6>0,(HN9*HV7)+HN10,-1)) | HW8: =IF(HT6="","",IF(HT6>0,(HN9*HW7)+HN10,-1)) | HX8: =IF(HT6="","",IF(HT6>0,(HN9*HX7)+HN10,-1)) | HY8: =IF(HT6="","",IF(HT6>0,(HN9*HY7)+HN10,-1)) | HZ8: =IF(HT6="","",IF(HT6>0,(HN9*HZ7)+HN10,-1)) | IA8: =IF(HT6="","",IF(HT6>0,(HN9*IA7)+HN10,-1)) | IB8: =IF(HT6="","",IF(HT6>0,(HN9*IB7)+HN10,-1)) | IC8: =IF(ISNUMBER(IC6),IC5-IK5,"") | ID8: =IF(ISNUMBER(ID6),ID5-IK5,"") | IE8: =IF(ISNUMBER(IE6),IE5-IK5,"") | IF8: =IF(ISNUMBER(IF6),IF5-IK5,"") | IG8: =IF(ISNUMBER(IG6),IG5-IK5,"") | IH8: =IF(ISNUMBER(IH6),IH5-IK5,"") | II8: =IF(ISNUMBER(II6),II5-IK5,"") | IJ8: =IF(ISNUMBER(IJ6),IJ5-IK5,"") | IK8: =IF(IC8<>"",SUM(IC8:IJ8),"") | IL8: =IF(ISERROR(IC8*IC10),"",IC8*IC10) | IM8: =IF(ISERROR(ID8*ID10),"",ID8*ID10) | IN8: =IF(ISERROR(IE8*IE10),"",IE8*IE10) | IO8: =IF(ISERROR(IF8*IF10),"",IF8*IF10) | IP8: =IF(ISERROR(IG8*IG10),"",IG8*IG10) | IQ8: =IF(ISERROR(IH8*IH10),"",IH8*IH10) | IR8: =IF(ISERROR(II8*II10),"",II8*II10) | IS8: =IF(ISERROR(IJ8*IJ10),"",IJ8*IJ10) | IT8: =IF(IL8<>"",SUM(IL8:IS8),"") | IU8: =IF(IU6="","",IF(IU6>0,(IO9*IU7)+IO10,-1)) | IV8: =IF(IU6="","",IF(IU6>0,(IO9*IV7)+IO10,-1)) | IW8: =IF(IU6="","",IF(IU6>0,(IO9*IW7)+IO10,-1)) | IX8: =IF(IU6="","",IF(IU6>0,(IO9*IX7)+IO10,-1)) | IY8: =IF(IU6="","",IF(IU6>0,(IO9*IY7)+IO10,-1)) | IZ8: =IF(IU6="","",IF(IU6>0,(IO9*IZ7)+IO10,-1)) | JA8: =IF(IU6="","",IF(IU6>0,(IO9*JA7)+IO10,-1)) | JB8: =IF(IU6="","",IF(IU6>0,(IO9*JB7)+IO10,-1)) | JC8: =IF(IU6="","",IF(IU6>0,(IO9*JC7)+IO10,-1)) | JD8: =IF(T9<>"",T9,"") -> 4 | JE8: =IF(ISNUMBER(JE5),JE5-$JK5,"") | JF8: =IF(ISNUMBER(JF5),JF5-$JK5,"") -> -0.015135536 | JG8: =IF(ISNUMBER(JG5),JG5-$JK5,"") -> 0 | JH8: =IF(ISNUMBER(JH5),JH5-$JK5,"") -> 0.015135536 | JI8: =IF(ISNUMBER(JI5),JI5-$JK5,"") | JJ8: =IF(ISNUMBER(JJ5),JJ5-$JK5,"") | JL8: =IF(ISERROR(JE9*JE10),"",JE9*JE10) | JM8: =IF(ISERROR(JF9*JF10),"",JF9*JF10) -> 3.4404614 | JN8: =IF(ISERROR(JG9*JG10),"",JG9*JG10) -> -0.44278598 | JO8: =IF(ISERROR(JH9*JH10),"",JH9*JH10) -> -1.1567386 | JP8: =IF(ISERROR(JI9*JI10),"",JI9*JI10) | JQ8: =IF(ISERROR(JJ9*JJ10),"",JJ9*JJ10) | JR8: =SUM(JL8:JQ8) -> 1.8409368 | JS8: Umidade Ótima | JT8: CBR | JU8: =IF(T9<>0,LOOKUP(T9,Tara!$G$6:$G$185,Tara!$J$6:$J$185)/10,"") -> 11.479 | JV8: =IF(ISNUMBER(U9),MAX(Z9:AC9)-MIN(Z9:AC9),"") -> 0.05 | JW8: =IF(JV8<>"",JV8/JU8/10,"") -> 0.00043557801 | JX8: =IF(ISNUMBER(JX5),JX5-$JK5,"") | JY8: =IF(ISNUMBER(JY5),JY5-$JK5,"") -> -0.015135536 | JZ8: =IF(ISNUMBER(JZ5),JZ5-$JK5,"") -> 0 | KA8: =IF(ISNUMBER(KA5),KA5-$JK5,"") -> 0.015135536 | KB8: =IF(ISNUMBER(KB5),KB5-$JK5,"") | KC8: =IF(ISNUMBER(KC5),KC5-$JK5,"") | KE8: =IF(ISERROR(JX9*JX10),"",JX9*JX10) | KF8: =IF(ISERROR(JY9*JY10),"",JY9*JY10) -> 26.730082 | KG8: =IF(ISERROR(JZ9*JZ10),"",JZ9*JZ10) -> 2.6340105 | KH8: =IF(ISERROR(KA9*KA10),"",KA9*KA10) -> -29.364242 | KI8: =IF(ISERROR(KB9*KB10),"",KB9*KB10) | KJ8: =IF(ISERROR(KC9*KC10),"",KC9*KC10) | KK8: =SUM(KE8:KJ8) -> -0.00014955157 | KL8: Umidade Ótima | KM8: EXP | KN8: =IF(ISNUMBER(KN7),KN5/KN7,"") | KO8: =IF(ISNUMBER(KO7),KO5/KO7,"") | KP8: =IF(ISNUMBER(KP7),KP5/KP7,"") | KQ8: =IF(ISNUMBER(KQ7),KQ5/KQ7,"") | KR8: =IF(ISNUMBER(KR7),KR5/KR7,"") | KS8: =IF(ISNUMBER(KS7),KS5/KS7,"") | KT8: =IF(ISNUMBER(KT7),KT5/KT7,"") | KU8: =IF(ISNUMBER(KU7),KU5/KU7,"") | ... KW8: =IF(ISNUMBER(KW7),KW5/KW7,"") | KY8: =IF(AND(KY6>0,ISNUMBER(KY6)),KY7/KY6,"") | KZ8: =IF(AND(KZ6>0,ISNUMBER(KZ6)),KZ7/KZ6,"") | LA8: =IF(LA5<>"",LA5/LA7*100,"") -> 0 | LB8: =IF(LB5<>"",LB5/LB7*100,"") -> 0 | LC8: =IF(LC6<>"",LC6-LC7,"") -> 1325.74 | LD8: =IF(LD6<>"",LD6/(LA9+100)*100,"") -> 153.66 | LL8: =IF(LD6<>"",LL7/LD8,"") -> 0.78712742 | LM8: =IF(LD6<>"",LM7/LD8,"") -> 0.43238318 | LN8: =IF(LM9="","",IF(AND(LG9>=93%,LG9<=100%,LI9>=43%,LI9<=92%,LJ9>=30%,LJ9<=70%,LK9>=20%,LK9<=55%,LL9>=13%,LL9<=32%,LM9>=3%,LM9<=17%),"Faixa C")) -> FALSE | LO8: =IF(LM9="","",IF(LN6="Faixa A","A",IF(LN7="Faixa B","B",IF(LN8="Faixa C","C",IF(LN9="Faixa D","D",IF(LO6="Faixa E","E",IF(LO7="Faixa F","F",""))))))) -> D | LS8: 4 | LT8: =IF(LJ9<>"",LJ9*100,"") -> 65.427263 | LU8: a | LV8: b | LW8: c | LX8: d | LY8: =IF(LG11<LL11,"NP",AND(LU11=0,LO11<=6,LT11<=15,LT10<=30,LT9<=50)) -> FALSE | LZ8: =IF(LH11<LL11,"NP",AND(LU11=0,LO11<=6,LT11<=25,LT10<=50)) -> TRUE | MA8: =IF(LO11<0,IF(MB8="NP",IF(LU11=0,IF(LT11<=10,IF(LT10>50,AND(LU11=0,LO11<0,LT11<=10,LT10>50),"NP"))))) -> FALSE | MB8: =IF(LH11<LL11,"NP",AND(LU11=0,LO11<=10,LH11<=40,LT11<35)) -> TRUE | MC8: =IF(LH11<LL11,"NP",AND(LU11=0,LO11<=10,LH11>40,LT11<=35)) -> FALSE | MD8: =IF(LH11<LL11,"NP",AND(LU11<=4,LO11>10,LH11<=40,LT11<=35)) -> FALSE | ME8: =IF(LH11<LL11,"NP",AND(LU11<=4,LO11>10,LH11>40,LT11<=35)) -> FALSE
B9: Material: | C9: GRANULAR | G9: Não Trabalha | H9: X | I9: Água Adicionada Inicial (ml) | K9: 100 | L9: % Acrescentada por Ponto | N9: 0.015 | O9: Peso do Material (g) | Q9: 7000 | R9: Moldagem do ISC Ótimo | T9: =IF(U9="","",4) -> 4 | U9: =IF(M10="","",M10) -> 48 | W9: 19.35 | Z9: 1 | AA9: 1 | AB9: 1 | AC9: 1.05 | AD9: 150 | AE9: 301 | AF9: 496 | AG9: 602 | AH9: 812 | AI9: 902 | AJ9: 1023 | AK9: 1173 | AL9: Limite de Plásticidade | AM9: Cápsula nº | AS9: DATA: | AT9: 1 | AU9: 1 | AV9: 1 | AW9: 2 | AX9: 1 | AY9: 1 | AZ9: 0 | BA9: 0 | BB9: 56.94 | BC9: 90.69 | BD9: 315.09 | BE9: 402.2 | BF9: 311.08 | BG9: 2501.74 | BH9: 153.66 | BI9: 32.71 | BK9: 54.51 | BL9: DATA: | BN9: Água Total | BO9: =IF(AND(ISNUMBER(BO10),ISNUMBER(BW9)),BO10+BW9,"") -> 162.6837 | BP9: =IF(AND(ISNUMBER(BP10),ISNUMBER(BW9)),BP10+BW9,"") -> 267.6837 | BQ9: =IF(AND(ISNUMBER(BQ10),ISNUMBER(BW9)),BQ10+BW9,"") -> 372.6837 | BR9: =IF(AND(ISNUMBER(BR10),ISNUMBER(BW9)),BR10+BW9,"") -> 477.6837 | BS9: =IF(AND(ISNUMBER(BS10),ISNUMBER(BW9)),BS10+BW9,"") -> 582.6837 | BT9: =IF(AND(ISNUMBER(BT10),ISNUMBER(BW9)),BT10+BW9,"") -> 687.6837 | BU9: Peso da Água | BW9: =IF(ISNUMBER(Q9),Q9-BW11,"") -> 62.683704 | BX9: Dens. Solo Úmido | BY9: =IF(ISNUMBER(BY8),BY8*1000/BY7,"") -> 1942.8434 | BZ9: =IF(ISNUMBER(BZ8),BZ8*1000/BZ7,"") -> 2096.4954 | CA9: =IF(ISNUMBER(CA8),CA8*1000/CA7,"") -> 2366.2248 | CB9: =IF(ISNUMBER(CB8),CB8*1000/CB7,"") -> 2381.528 | CC9: =IF(ISNUMBER(CC8),CC8*1000/CC7,"") -> 2146.9741 | CD9: =IF(ISNUMBER(CD8),CD8*1000/CD7,"") | CE9: =IF(ISNUMBER(CE6),CE6-$CK6,"") -> -175.92215 | CF9: =IF(ISNUMBER(CF6),CF6-$CK6,"") -> -55.643409 | CG9: =IF(ISNUMBER(CG6),CG6-$CK6,"") -> 171.33944 | CH9: =IF(ISNUMBER(CH6),CH6-$CK6,"") -> 153.85817 | CI9: =IF(ISNUMBER(CI6),CI6-$CK6,"") -> -93.632043 | CJ9: =IF(ISNUMBER(CJ6),CJ6-$CK6,"") | CL9: =IF(ISERROR(CE8*CE10),"",CE8*CE10) -> 8.4584994e-05 | CM9: =IF(ISERROR(CF8*CF10),"",CF8*CF10) -> 2.808088e-05 | CN9: =IF(ISERROR(CG8*CG10),"",CG8*CG10) -> 0 | CO9: =IF(ISERROR(CH8*CH10),"",CH8*CH10) -> 2.1146248e-05 | CP9: =IF(ISERROR(CI8*CI10),"",CI8*CI10) -> 0.00011232352 | CQ9: =IF(ISERROR(CJ8*CJ10),"",CJ8*CJ10) | CR9: =SUM(CL9:CQ9) -> 0.00024613564 | CU9: =IF(ISNUMBER(S10),LOOKUP(S10,Tara!$G$6:$G$185,Tara!$H$6:$H$185),"") | CV9: =IF(ISNUMBER(CU11),CU11*1000/CU10,"") | CW9: =IF(CV9<>"",CV9/(1+CW5),"") | CX9: =IF(ISNUMBER(CX6),CX6-DF6,"") | CY9: =IF(ISNUMBER(CY6),CY6-DF6,"") | CZ9: =IF(ISNUMBER(CZ6),CZ6-DF6,"") | DA9: =IF(ISNUMBER(DA6),DA6-DF6,"") | DB9: =IF(ISNUMBER(DB6),DB6-DF6,"") | DC9: =IF(ISNUMBER(DC6),DC6-DF6,"") | DD9: =IF(ISNUMBER(DD6),DD6-DF6,"") | DE9: =IF(ISNUMBER(DE6),DE6-DF6,"") | DF9: =IF(CX9<>"",SUM(CX9:DE9),"") | DG9: A | DH9: =IF(DF11<>"",(DO6*DO8-DO7*DF11)/(DO8^2-DO5*DF11),"") | DI9: M | DJ9: =IF(DL9<>"",SLOPE(DL9:DL10,DK9:DK10),"") | DK9: 2.54 | DL9: =IF(DH9<>"",DH9*DK9^2+DH10*DK9+DH11,"") | DM9: 2.54 | DN9: 5.08 | DP9: =IF(DP6="","",IF(DP6>0,DS5,-1)) | DQ9: =IF(DP6="","",IF(DP6>0,DS5,-1)) | DR9: =IF(DP6="","",IF(DP6>0,DV8,-1)) | DS9: =IF(DP6="","",IF(DP6>0,DV8,-1)) | DT9: =IF(DP6="","",IF(DP6>0,DT5,-1)) | DU9: =IF(DP6="","",IF(DP6>0,DT5,-1)) | DV9: =IF(DP6="","",IF(DP6>0,DT5,-1)) | DW9: =IF(DP6="","",IF(DP6>0,DT5,-1)) | DY9: =IF(ISNUMBER(DY6),DY6-EG6,"") -> -8400.3187 | DZ9: =IF(ISNUMBER(DZ6),DZ6-EG6,"") -> -5826.7687 | EA9: =IF(ISNUMBER(EA6),EA6-EG6,"") -> -4182.0187 | EB9: =IF(ISNUMBER(EB6),EB6-EG6,"") -> -1550.4187 | EC9: =IF(ISNUMBER(EC6),EC6-EG6,"") -> 1622.9813 | ED9: =IF(ISNUMBER(ED6),ED6-EG6,"") -> 3732.1313 | EE9: =IF(ISNUMBER(EE6),EE6-EG6,"") -> 5841.2813 | EF9: =IF(ISNUMBER(EF6),EF6-EG6,"") -> 8763.1313 | EG9: =IF(DY9<>"",SUM(DY9:EF9),"") -> 1.8189894e-11 | EH9: A | EI9: =IF(EG11<>"",(EP6*EP8-EP7*EG11)/(EP8^2-EP5*EG11),"") -> -156.44249 | EJ9: M | EK9: =IF(EM9<>"",SLOPE(EM9:EM10,EL9:EL10),"") -> 2445.1321 | EL9: 2.54 | EM9: =IF(EI9<>"",EI9*EL9^2+EI10*EL9+EI11,"") -> 10017.461 | EN9: 2.54 | EO9: 5.08 | EQ9: =IF(EQ6="","",IF(EQ6>0,ET5,-1)) -> -1 | ER9: =IF(EQ6="","",IF(EQ6>0,ET5,-1)) -> -1 | ES9: =IF(EQ6="","",IF(EQ6>0,EW8,-1)) -> -1 | ET9: =IF(EQ6="","",IF(EQ6>0,EW8,-1)) -> -1 | EU9: =IF(EQ6="","",IF(EQ6>0,EU5,-1)) -> -1 | EV9: =IF(EQ6="","",IF(EQ6>0,EU5,-1)) -> -1 | EW9: =IF(EQ6="","",IF(EQ6>0,EU5,-1)) -> -1 | EX9: =IF(EQ6="","",IF(EQ6>0,EU5,-1)) -> -1 | EZ9: =IF(ISNUMBER(EZ6),EZ6-FH6,"") -> -12178.406 | FA9: =IF(ISNUMBER(FA6),FA6-FH6,"") -> -7921.4063 | FB9: =IF(ISNUMBER(FB6),FB6-FH6,"") -> -4032.0563 | FC9: =IF(ISNUMBER(FC6),FC6-FH6,"") -> -1903.5563 | FD9: =IF(ISNUMBER(FD6),FD6-FH6,"") -> 1637.4937 | FE9: =IF(ISNUMBER(FE6),FE6-FH6,"") -> 5178.5438 | FF9: =IF(ISNUMBER(FF6),FF6-FH6,"") -> 8371.2938 | FG9: =IF(ISNUMBER(FG6),FG6-FH6,"") -> 10848.094 | FH9: =IF(EZ9<>"",SUM(EZ9:FG9),"") -> 0 | FI9: A | FJ9: =IF(FH11<>"",(FQ6*FQ8-FQ7*FH11)/(FQ8^2-FQ5*FH11),"") -> -288.3552 | FK9: M | FL9: =IF(FN9<>"",SLOPE(FN9:FN10,FM9:FM10),"") -> 3277.1385 | FM9: 2.54 | FN9: =IF(FJ9<>"",FJ9*FM9^2+FJ10*FM9+FJ11,"") -> 13565.618 | FO9: 2.54 | FP9: 5.08 | FR9: =IF(FR6="","",IF(FR6>0,FU5,-1)) -> -1 | FS9: =IF(FR6="","",IF(FR6>0,FU5,-1)) -> -1 | FT9: =IF(FR6="","",IF(FR6>0,FX8,-1)) -> -1 | FU9: =IF(FR6="","",IF(FR6>0,FX8,-1)) -> -1 | FV9: =IF(FR6="","",IF(FR6>0,FV5,-1)) -> -1 | FW9: =IF(FR6="","",IF(FR6>0,FV5,-1)) -> -1 | FX9: =IF(FR6="","",IF(FR6>0,FV5,-1)) -> -1 | FY9: =IF(FR6="","",IF(FR6>0,FV5,-1)) -> -1 | GA9: =IF(ISNUMBER(GA6),GA6-GI6,"") -> -10301.456 | GB9: =IF(ISNUMBER(GB6),GB6-GI6,"") -> -7379.6063 | GC9: =IF(ISNUMBER(GC6),GC6-GI6,"") -> -3606.3563 | GD9: =IF(ISNUMBER(GD6),GD6-GI6,"") -> -1555.2563 | GE9: =IF(ISNUMBER(GE6),GE6-GI6,"") -> 2508.2437 | GF9: =IF(ISNUMBER(GF6),GF6-GI6,"") -> 4249.7437 | GG9: =IF(ISNUMBER(GG6),GG6-GI6,"") -> 6591.0938 | GH9: =IF(ISNUMBER(GH6),GH6-GI6,"") -> 9493.5938 | GI9: =IF(GA9<>"",SUM(GA9:GH9),"") -> 0 | GJ9: A | GK9: =IF(GI11<>"",(GR6*GR8-GR7*GI11)/(GR8^2-GR5*GI11),"") -> -274.26046 | GL9: M | GM9: =IF(GO9<>"",SLOPE(GO9:GO10,GN9:GN10),"") -> 2829.3991 | GN9: 2.54 | GO9: =IF(GK9<>"",GK9*GN9^2+GK10*GN9+GK11,"") -> 11143.306 | GP9: 2.54 | GQ9: 5.08 | GS9: =IF(GS6="","",IF(GS6>0,GV5,-1)) -> -1 | GT9: =IF(GS6="","",IF(GS6>0,GV5,-1)) -> -1 | GU9: =IF(GS6="","",IF(GS6>0,GY8,-1)) -> -1 | GV9: =IF(GS6="","",IF(GS6>0,GY8,-1)) -> -1 | GW9: =IF(GS6="","",IF(GS6>0,GW5,-1)) -> -1 | GX9: =IF(GS6="","",IF(GS6>0,GW5,-1)) -> -1 | GY9: =IF(GS6="","",IF(GS6>0,GW5,-1)) -> -1 | GZ9: =IF(GS6="","",IF(GS6>0,GW5,-1)) -> -1 | HB9: =IF(ISNUMBER(HB6),HB6-HJ6,"") | HC9: =IF(ISNUMBER(HC6),HC6-HJ6,"") | HD9: =IF(ISNUMBER(HD6),HD6-HJ6,"") | HE9: =IF(ISNUMBER(HE6),HE6-HJ6,"") | HF9: =IF(ISNUMBER(HF6),HF6-HJ6,"") | HG9: =IF(ISNUMBER(HG6),HG6-HJ6,"") | HH9: =IF(ISNUMBER(HH6),HH6-HJ6,"") | HI9: =IF(ISNUMBER(HI6),HI6-HJ6,"") | HJ9: =IF(HB9<>"",SUM(HB9:HI9),"") | HK9: A | HL9: =IF(HJ11<>"",(HS6*HS8-HS7*HJ11)/(HS8^2-HS5*HJ11),"") | HM9: M | HN9: =IF(HP9<>"",SLOPE(HP9:HP10,HO9:HO10),"") | HO9: 2.54 | HP9: =IF(HL9<>"",HL9*HO9^2+HL10*HO9+HL11,"") | HQ9: 2.54 | HR9: 5.08 | HT9: =IF(HT6="","",IF(HT6>0,HW5,-1)) | HU9: =IF(HT6="","",IF(HT6>0,HW5,-1)) | HV9: =IF(HT6="","",IF(HT6>0,HZ8,-1)) | HW9: =IF(HT6="","",IF(HT6>0,HZ8,-1)) | HX9: =IF(HT6="","",IF(HT6>0,HX5,-1)) | HY9: =IF(HT6="","",IF(HT6>0,HX5,-1)) | HZ9: =IF(HT6="","",IF(HT6>0,HX5,-1)) | IA9: =IF(HT6="","",IF(HT6>0,HX5,-1)) | IC9: =IF(ISNUMBER(IC6),IC6-IK6,"") | ID9: =IF(ISNUMBER(ID6),ID6-IK6,"") | IE9: =IF(ISNUMBER(IE6),IE6-IK6,"") | IF9: =IF(ISNUMBER(IF6),IF6-IK6,"") | IG9: =IF(ISNUMBER(IG6),IG6-IK6,"") | IH9: =IF(ISNUMBER(IH6),IH6-IK6,"") | II9: =IF(ISNUMBER(II6),II6-IK6,"") | IJ9: =IF(ISNUMBER(IJ6),IJ6-IK6,"") | IK9: =IF(IC9<>"",SUM(IC9:IJ9),"") | IL9: A | IM9: =IF(IK11<>"",(IT6*IT8-IT7*IK11)/(IT8^2-IT5*IK11),"") | IN9: M | IO9: =IF(IQ9<>"",SLOPE(IQ9:IQ10,IP9:IP10),"") | IP9: 2.54 | IQ9: =IF(IM9<>"",IM9*IP9^2+IM10*IP9+IM11,"") | IR9: 2.54 | IS9: 5.08 | IU9: =IF(IU6="","",IF(IU6>0,IX5,-1)) | IV9: =IF(IU6="","",IF(IU6>0,IX5,-1)) | IW9: =IF(IU6="","",IF(IU6>0,JA8,-1)) | IX9: =IF(IU6="","",IF(IU6>0,JA8,-1)) | IY9: =IF(IU6="","",IF(IU6>0,IY5,-1)) | IZ9: =IF(IU6="","",IF(IU6>0,IY5,-1)) | JA9: =IF(IU6="","",IF(IU6>0,IY5,-1)) | JB9: =IF(IU6="","",IF(IU6>0,IY5,-1)) | JD9: =IF(T10<>"",T10,"") | JE9: =IF(ISNUMBER(JE6),JE6-$JK6,"") | JF9: =IF(ISNUMBER(JF6),JF6-$JK6,"") -> -2219.869 | JG9: =IF(ISNUMBER(JG6),JG6-$JK6,"") -> 2899.2757 | JH9: =IF(ISNUMBER(JH6),JH6-$JK6,"") -> -679.40665 | JI9: =IF(ISNUMBER(JI6),JI6-$JK6,"") | JJ9: =IF(ISNUMBER(JJ6),JJ6-$JK6,"") | JL9: =IF(ISERROR(JE8*JE10),"",JE8*JE10) | JM9: =IF(ISERROR(JF8*JF10),"",JF8*JF10) -> 2.3457792e-05 | JN9: =IF(ISERROR(JG8*JG10),"",JG8*JG10) -> 0 | JO9: =IF(ISERROR(JH8*JH10),"",JH8*JH10) -> 2.5769336e-05 | JP9: =IF(ISERROR(JI8*JI10),"",JI8*JI10) | JQ9: =IF(ISERROR(JJ8*JJ10),"",JJ8*JJ10) | JR9: =SUM(JL9:JQ9) -> 4.9227129e-05 | JS9: =IF(H8="X",CW5,IF(CT5<>"",CT5,"")) -> 0.057765822 | JT9: =IF(H8="X",FV11,IF(JS9<>"",JM11*JS9^2+JO11*JS9+JQ11,"")) -> 20041.622 | JU9: =IF(T10<>0,LOOKUP(T10,Tara!$G$6:$G$185,Tara!$J$6:$J$185)/10,"") | JV9: =IF(ISNUMBER(U10),MAX(Z10:AC10)-MIN(Z10:AC10),"") | JW9: =IF(JV9<>"",JV9/JU9/10,"") | JX9: =IF(ISNUMBER(JX6),JX6-$JK6,"") | JY9: =IF(ISNUMBER(JY6),JY6-$JK6,"") -> -17246.897 | JZ9: =IF(ISNUMBER(JZ6),JZ6-$JK6,"") -> -17246.984 | KA9: =IF(ISNUMBER(KA6),KA6-$JK6,"") -> -17246.992 | KB9: =IF(ISNUMBER(KB6),KB6-$JK6,"") | KC9: =IF(ISNUMBER(KC6),KC6-$JK6,"") | KE9: =IF(ISERROR(JX8*JX10),"",JX8*JX10) | KF9: =IF(ISERROR(JY8*JY10),"",JY8*JY10) -> 2.3457792e-05 | KG9: =IF(ISERROR(JZ8*JZ10),"",JZ8*JZ10) -> 0 | KH9: =IF(ISERROR(KA8*KA10),"",KA8*KA10) -> 2.5769336e-05 | KI9: =IF(ISERROR(KB8*KB10),"",KB8*KB10) | KJ9: =IF(ISERROR(KC8*KC10),"",KC8*KC10) | KK9: =SUM(KE9:KJ9) -> 4.9227129e-05 | KL9: =IF(H8="X",CW5,IF(CT5<>"",CT5,"")) -> 0.057765822 | KM9: =IF(H8="X",JW7*100,IF(KL9<>"",KF11*KL9^2+KH11*KL9+KJ11,"")) -> 0.042194869 | KN9: =IF(ISNUMBER(AN8),AN8,"") | KO9: =IF(ISNUMBER(AO8),AO8,"") | KP9: =IF(ISNUMBER(AP8),AP8,"") | KQ9: =IF(ISNUMBER(AQ8),AQ8,"") | KR9: =IF(ISNUMBER(AR8),AR8,"") | KS9: =IF(KS8<>"",AVERAGE(KS8:KW8),"") | KT9: =IF(KS9<>"",KS9-KS10,"") | KU9: =COUNT(KS11:KW11) -> 0 | KV9: =IF(KS11<>"",AVERAGE(KS11:KW11),"") | KW9: =IF(KV9<>"",KV9+5%*KV9,"") | KX9: =IF(KW10="NP",0,KW10)*100 -> 0 | KY9: =IF(AND(KY8>0,ISNUMBER(KY8)),AVERAGE(KY8:KZ8),"") | LA9: =IF(LA8<>"",ROUND(AVERAGE(LA8:LB8),2),"") -> 0 | LC9: =IF(LC6<>"",LC8/(LA9+100)*100,"") -> 1325.74 | LE9: =IF(ISNUMBER(LE7),LE7/$LD7,"") -> 1 | LF9: =IF(ISNUMBER(LF7),LF7/$LD7,"") -> 1 | LG9: =IF(ISNUMBER(LG7),LG7/$LD7,"") -> 0.97723984 | LH9: =IF(ISNUMBER(LH7),LH7/$LD7,"") -> 0.94098907 | LI9: =IF(ISNUMBER(LI7),LI7/$LD7,"") -> 0.81504073 | LJ9: =IF(ISNUMBER(LJ7),LJ7/$LD7,"") -> 0.65427263 | LK9: =IF(ISNUMBER(LK7),LK7/$LD7,"") -> 0.52992717 | LL9: =IF(LL8<>"",LL8*LK9,"") -> 0.41712021 | LM9: =IF(LM8<>"",LM8*LK9,"") -> 0.2291316 | LN9: =IF(LM9="","",IF(AND(LG9>=93%,LG9<=100%,LI9>=53%,LI9<=100%,LJ9>=45%,LJ9<=90%,LK9>=35%,LK9<=75%,LL9>=23%,LL9<=47%,LM9>=8%,LM9<=27%),"Faixa D")) -> Faixa D | LO9: =IF(LM9="","",IF(LO8>0,LO8,IF(LP9>0,LP9))) -> D | LS9: 10 | LT9: =IF(LK9<>"",LK9*100,"") -> 52.992717 | LU9: =IF(LT11="",0,IF(IF((LT11-35)<0,0,(LT11-35))>40,40,IF((LT11-35)<0,0,(LT11-35)))) -> 0 | LV9: =IF(LT11="",0,IF(IF((LT11-15)<0,0,(LT11-15))>40,40,IF((LT11-15)<0,0,(LT11-15)))) -> 7.9131597 | LW9: =IF(LG11="NP",0,IF(IF((LG11-40)<0,0,(LG11-40))>20,20,IF((LG11-40)<0,0,(LG11-40)))) -> 0 | LX9: =IF(LN11="NP",0,IF(IF((LN11-10)<0,0,(LN11-10))>20,20,IF((LN11-10)<0,0,(LN11-10)))) -> 0 | MF9: =IF(C6<>0,C6,"") | MG9: =IF(C7<>0,C7,"") -> - | MH9: =IF(E7<>0,E7,"") -> 45804 | MI9: =IF($H6="x","",IF(LE9<>"",LE9*100,"")) -> 100 | MJ9: =IF($H6="x","",IF(LF9<>"",LF9*100,"")) -> 100 | MK9: =IF($H6="x","",IF(LG9<>"",LG9*100,"")) -> 97.723984 | ML9: =IF($H6="x","",IF(LH9<>"",LH9*100,"")) -> 94.098907 | MM9: =IF($H6="x","",IF(LI9<>"",LI9*100,"")) -> 81.504073 | MN9: =IF($H6="x","",IF(LJ9<>"",LJ9*100,"")) -> 65.427263 | MO9: =IF($H6="x","",IF(LK9<>"",LK9*100,"")) -> 52.992717 | MP9: =IF($H6="x","",IF(LL9<>"",LL9*100,"")) -> 41.712021 | MQ9: =IF($H6="x","",IF(LM9<>"",LM9*100,"")) -> 22.91316 | MS9: =IF(H6="X","",IF(H7="x",IF(KQ11>0,KQ11,IF(KQ11=0,"NP","")))) -> NP | MT9: =IF(H6="X","",IF(H7="x",IF(KX5>0,KX5,IF(KX5=0,"NP","")))) -> NP | MU9: =IF(H6="X","",IF(H7="x",IF(KZ11<>"",KZ11*100,""))) | MV9: =IF(MS9="","",IF(H6="X","",IF(H7="x",IF(LU11<>"",LU11,"")))) -> 0 | MW9: =IF(H6="X","",IF(H7="x",IF(LW11<>"",LW11,""))) -> A-1b | MY9: =IF(H6="X","",IF(H7="x",IF(LR7<>"",LR7,""))) -> D | MZ9: =IF(ISERROR(CT5),"",CT5*100) -> 5.7765822 | NA9: =IF(ISERROR(CT6),"",CT6) -> 2219.2469 | NB9: =IF(ISERROR(JT9),"",JT9) -> 20041.622 | NC9: =IF(ISERROR(KM9),"",KM9) -> 0.042194869 | ND9: =IF(MG9<>"",LOOKUP(MF9,'Digitar Dados de Dens. InSitu'!AA:AA,'Digitar Dados de Dens. InSitu'!AB:AB),"") | NE9: =IF(MG9<>"",LOOKUP(MF9,'Digitar Dados de Dens. InSitu'!AA:AA,'Digitar Dados de Dens. InSitu'!#REF!),"") -> #REF! | NF9: =IF(MG9<>"",LOOKUP(MF9,'Digitar Dados de Dens. InSitu'!AA:AA,'Digitar Dados de Dens. InSitu'!AC:AC),"") | NG9: =IF($H6="X","",IF($H8="X","",IF(T6="","",CE5*100))) | NH9: =IF($H6="X","",IF($H8="X","",IF(T6="","",CE6))) | NI9: =IF($H6="X","",IF($H8="X","",JX6)) | NJ9: =IF($H6="X","",IF($H8="X","",JE6)) | NK9: =IF(T7="","",IF($H6="X","",IF($H8="X","",CF5*100))) -> 3.858606 | NL9: =IF($H6="X","",IF($H8="X","",CF6)) -> 2018.6054 | NM9: =IF($H6="X","",IF($H8="X","",JY6)) -> 0.13920306 | NN9: =IF($H6="X","",IF($H8="X","",JF6)) -> 15027.167 | NO9: =IF($H6="X","",IF(T7="","",IF($H8="X",CW5*100,CG5*100))) -> 5.3721596 | NP9: =IF($H6="X","",IF($H8="X",CW9,CG6)) -> 2245.5883 | NQ9: =IF($H6="X","",IF($H8="X","",JZ6)) -> 0.052173913 | NR9: =IF($H6="X","",IF($H8="X","",JG6)) -> 20146.311 | NS9: =IF($H6="X","",IF(T8="","",IF($H8="X","",CH5*100))) -> 6.8857132 | NT9: =IF($H6="X","",IF($H8="X","",CH6)) -> 2228.107 | NU9: =IF($H6="X","",IF($H8="X","",KA6)) -> 0.043557801 | NV9: =IF($H6="X","",IF($H8="X","",JH6)) -> 16567.629 | NW9: =IF($H6="X","",IF($H8="X","",IF(T10="","",CI5*100))) | NX9: =IF($H6="X","",IF($H8="X","",IF(T10="","",CI6))) | NY9: =IF($H6="X","",IF($H8="X","",KB6)) | NZ9: =IF($H6="X","",IF($H8="X","",JI6)) | OA9: =IF($H6="X","",IF($H8="X","",CJ5)) | OB9: =IF($H6="X","",IF($H8="X","",CJ6)) | OC9: =IF($H6="X","",IF($H8="X","",KC6)) | OD9: =IF($H6="X","",IF($H8="X","",JJ6)) | OF9: =C8 -> AVALIAR | OG9: =C9 -> GRANULAR
B10: Proctor | C10: MODIFICADO | G10: Pelas Capsulas | I10: Nº do Cilindro | J10: 41 | K10: 28 | L10: 46 | M10: 48 | N10: 41 | P10: % Ret.#3/4" | Q10: 0.0393 | R10: Nº do Cilindro | AM10: Cápsula+solo úmido | AT10: Equivalente de Areia | AV10: Proveta nº 1 | AW10: h 1 | AY10: Proveta nº 2 | AZ10: h 1 | BN10: Água Adicionada | BO10: =IF(ISNUMBER(K9),K9,"") -> 100 | BP10: =IF(AND(ISNUMBER(BP11),ISNUMBER(Q9)),BP11*Q9,"") -> 205 | BQ10: =IF(AND(ISNUMBER(BQ11),ISNUMBER(Q9)),BQ11*Q9,"") -> 310 | BR10: =IF(AND(ISNUMBER(BR11),ISNUMBER(Q9)),BR11*Q9,"") -> 415 | BS10: =IF(AND(ISNUMBER(BS11),ISNUMBER(Q9)),BS11*Q9,"") -> 520 | BT10: =IF(AND(ISNUMBER(BT11),ISNUMBER(Q9)),BT11*Q9,"") -> 625 | BU10: % p/ Ponto | BW10: =IF(ISNUMBER(N9),N9,"") -> 0.015 | BY10: =IF($H10<>"",BO8,BO9/($Q9/(1+$BW5))) -> 0.023450524 | BZ10: =IF($H10<>"",BP8,BP9/($Q9/(1+$BW5))) -> 0.03858606 | CA10: =IF($H10<>"",BQ8,BQ9/($Q9/(1+$BW5))) -> 0.053721596 | CB10: =IF($H10<>"",BR8,BR9/($Q9/(1+$BW5))) -> 0.068857132 | CC10: =IF($H10<>"",BS8,BS9/($Q9/(1+$BW5))) -> 0.083992668 | CD10: =IF($H10<>"",BT8,BT9/($Q9/(1+$BW5))) -> 0.099128204 | CE10: =IF(ISNUMBER(CE7),CE7-$CK7,"") -> -0.0027942517 | CF10: =IF(ISNUMBER(CF7),CF7-$CK7,"") -> -0.0018552947 | CG10: =IF(ISNUMBER(CG7),CG7-$CK7,"") -> -0.0004581689 | CH10: =IF(ISNUMBER(CH7),CH7-$CK7,"") -> 0.0013971258 | CI10: =IF(ISNUMBER(CI7),CI7-$CK7,"") -> 0.0037105895 | CJ10: =IF(ISNUMBER(CJ7),CJ7-$CK7,"") | CU10: =IF(ISNUMBER(S10),LOOKUP(S10,Tara!$G$6:$G$185,Tara!$I$6:$I$185),"") | CX10: =IF(ISNUMBER(CX7),CX7-DF7,"") | CY10: =IF(ISNUMBER(CY7),CY7-DF7,"") | CZ10: =IF(ISNUMBER(CZ7),CZ7-DF7,"") | DA10: =IF(ISNUMBER(DA7),DA7-DF7,"") | DB10: =IF(ISNUMBER(DB7),DB7-DF7,"") | DC10: =IF(ISNUMBER(DC7),DC7-DF7,"") | DD10: =IF(ISNUMBER(DD7),DD7-DF7,"") | DE10: =IF(ISNUMBER(DE7),DE7-DF7,"") | DF10: =IF(CX10<>"",SUM(CX10:DE10),"") | DG10: B | DH10: =IF(DH9<>"",(DO7-DH9*DO5)/DO8,"") | DI10: B | DJ10: =IF(DL9<>"",INTERCEPT(DL9:DL10,DK9:DK10),"") | DK10: 5.08 | DL10: =IF(DH9<>"",DH9*DK10^2+DH10*DK10+DH11,"") | DM10: =IF(DP6="","",IF(DP6>0,DS5,"")) | DN10: =IF(DP6="","",IF(DP6>0,DT5,"")) | DP10: 0 | DQ10: =IF(DP6="","",IF(DP6>0,DV6,-1)) | DR10: =IF(DP6="","",IF(DP6>0,DV7,-1)) | DS10: =IF(DP6="","",IF(DP6>0,DR6,-1)) | DT10: =IF(DP6="","",IF(DP6>0,DR6,-1)) | DU10: =IF(DP6="","",IF(DP6>0,DR6,-1)) | DV10: 0 | DW10: =IF(DP6="","",IF(DP6>0,DR6,-1)) | DY10: =IF(ISNUMBER(DY7),DY7-EG7,"") -> -18.4507 | DZ10: =IF(ISNUMBER(DZ7),DZ7-EG7,"") -> -17.2347 | EA10: =IF(ISNUMBER(EA7),EA7-EG7,"") -> -15.2376 | EB10: =IF(ISNUMBER(EB7),EB7-EG7,"") -> -12.396 | EC10: =IF(ISNUMBER(EC7),EC7-EG7,"") -> -4.3315 | ED10: =IF(ISNUMBER(ED7),ED7-EG7,"") -> 6.9588 | EE10: =IF(ISNUMBER(EE7),EE7-EG7,"") -> 21.4749 | EF10: =IF(ISNUMBER(EF7),EF7-EG7,"") -> 39.2168 | EG10: =IF(DY10<>"",SUM(DY10:EF10),"") -> 0 | EH10: B | EI10: =IF(EI9<>"",(EP7-EI9*EP5)/EP8,"") -> 3637.2239 | EJ10: B | EK10: =IF(EM9<>"",INTERCEPT(EM9:EM10,EL9:EL10),"") -> 3806.8259 | EL10: 5.08 | EM10: =IF(EI9<>"",EI9*EL10^2+EI10*EL10+EI11,"") -> 16228.097 | EN10: =IF(EQ6="","",IF(EQ6>0,ET5,"")) | EO10: =IF(EQ6="","",IF(EQ6>0,EU5,"")) | EQ10: 0 | ER10: =IF(EQ6="","",IF(EQ6>0,EW6,-1)) -> -1 | ES10: =IF(EQ6="","",IF(EQ6>0,EW7,-1)) -> -1 | ET10: =IF(EQ6="","",IF(EQ6>0,ES6,-1)) -> -1 | EU10: =IF(EQ6="","",IF(EQ6>0,ES6,-1)) -> -1 | EV10: =IF(EQ6="","",IF(EQ6>0,ES6,-1)) -> -1 | EW10: 0 | EX10: =IF(EQ6="","",IF(EQ6>0,ES6,-1)) -> -1 | EZ10: =IF(ISNUMBER(EZ7),EZ7-FH7,"") -> -18.4507 | FA10: =IF(ISNUMBER(FA7),FA7-FH7,"") -> -17.2347 | FB10: =IF(ISNUMBER(FB7),FB7-FH7,"") -> -15.2376 | FC10: =IF(ISNUMBER(FC7),FC7-FH7,"") -> -12.396 | FD10: =IF(ISNUMBER(FD7),FD7-FH7,"") -> -4.3315 | FE10: =IF(ISNUMBER(FE7),FE7-FH7,"") -> 6.9588 | FF10: =IF(ISNUMBER(FF7),FF7-FH7,"") -> 21.4749 | FG10: =IF(ISNUMBER(FG7),FG7-FH7,"") -> 39.2168 | FH10: =IF(EZ10<>"",SUM(EZ10:FG10),"") -> 0 | FI10: B | FJ10: =IF(FJ9<>"",(FQ7-FJ9*FQ5)/FQ8,"") -> 5474.4051 | FK10: B | FL10: =IF(FN9<>"",INTERCEPT(FN9:FN10,FM9:FM10),"") -> 5241.686 | FM10: 5.08 | FN10: =IF(FJ9<>"",FJ9*FM10^2+FJ10*FM10+FJ11,"") -> 21889.549 | FO10: =IF(FR6="","",IF(FR6>0,FU5,"")) | FP10: =IF(FR6="","",IF(FR6>0,FV5,"")) | FR10: 0 | FS10: =IF(FR6="","",IF(FR6>0,FX6,-1)) -> -1 | FT10: =IF(FR6="","",IF(FR6>0,FX7,-1)) -> -1 | FU10: =IF(FR6="","",IF(FR6>0,FT6,-1)) -> -1 | FV10: =IF(FR6="","",IF(FR6>0,FT6,-1)) -> -1 | FW10: =IF(FR6="","",IF(FR6>0,FT6,-1)) -> -1 | FX10: 0 | FY10: =IF(FR6="","",IF(FR6>0,FT6,-1)) -> -1 | GA10: =IF(ISNUMBER(GA7),GA7-GI7,"") -> -18.4507 | GB10: =IF(ISNUMBER(GB7),GB7-GI7,"") -> -17.2347 | GC10: =IF(ISNUMBER(GC7),GC7-GI7,"") -> -15.2376 | GD10: =IF(ISNUMBER(GD7),GD7-GI7,"") -> -12.396 | GE10: =IF(ISNUMBER(GE7),GE7-GI7,"") -> -4.3315 | GF10: =IF(ISNUMBER(GF7),GF7-GI7,"") -> 6.9588 | GG10: =IF(ISNUMBER(GG7),GG7-GI7,"") -> 21.4749 | GH10: =IF(ISNUMBER(GH7),GH7-GI7,"") -> 39.2168 | GI10: =IF(GA10<>"",SUM(GA10:GH10),"") -> 0 | GJ10: B | GK10: =IF(GK9<>"",(GR7-GK9*GR5)/GR8,"") -> 4919.2638 | GL10: B | GM10: =IF(GO9<>"",INTERCEPT(GO9:GO10,GN9:GN10),"") -> 3956.6325 | GN10: 5.08 | GO10: =IF(GK9<>"",GK9*GN10^2+GK10*GN10+GK11,"") -> 18329.98 | GP10: =IF(GS6="","",IF(GS6>0,GV5,"")) | GQ10: =IF(GS6="","",IF(GS6>0,GW5,"")) | GS10: 0 | GT10: =IF(GS6="","",IF(GS6>0,GY6,-1)) -> -1 | GU10: =IF(GS6="","",IF(GS6>0,GY7,-1)) -> -1 | GV10: =IF(GS6="","",IF(GS6>0,GU6,-1)) -> -1 | GW10: =IF(GS6="","",IF(GS6>0,GU6,-1)) -> -1 | GX10: =IF(GS6="","",IF(GS6>0,GU6,-1)) -> -1 | GY10: 0 | GZ10: =IF(GS6="","",IF(GS6>0,GU6,-1)) -> -1 | HB10: =IF(ISNUMBER(HB7),HB7-HJ7,"") | HC10: =IF(ISNUMBER(HC7),HC7-HJ7,"") | HD10: =IF(ISNUMBER(HD7),HD7-HJ7,"") | HE10: =IF(ISNUMBER(HE7),HE7-HJ7,"") | HF10: =IF(ISNUMBER(HF7),HF7-HJ7,"") | HG10: =IF(ISNUMBER(HG7),HG7-HJ7,"") | HH10: =IF(ISNUMBER(HH7),HH7-HJ7,"") | HI10: =IF(ISNUMBER(HI7),HI7-HJ7,"") | HJ10: =IF(HB10<>"",SUM(HB10:HI10),"") | HK10: B | HL10: =IF(HL9<>"",(HS7-HL9*HS5)/HS8,"") | HM10: B | HN10: =IF(HP9<>"",INTERCEPT(HP9:HP10,HO9:HO10),"") | HO10: 5.08 | HP10: =IF(HL9<>"",HL9*HO10^2+HL10*HO10+HL11,"") | HQ10: =IF(HT6="","",IF(HT6>0,HW5,"")) | HR10: =IF(HT6="","",IF(HT6>0,HX5,"")) | HT10: 0 | HU10: =IF(HT6="","",IF(HT6>0,HZ6,-1)) | HV10: =IF(HT6="","",IF(HT6>0,HZ7,-1)) | HW10: =IF(HT6="","",IF(HT6>0,HV6,-1)) | HX10: =IF(HT6="","",IF(HT6>0,HV6,-1)) | HY10: =IF(HT6="","",IF(HT6>0,HV6,-1)) | HZ10: 0 | IA10: =IF(HT6="","",IF(HT6>0,HV6,-1)) | IC10: =IF(ISNUMBER(IC7),IC7-IK7,"") | ID10: =IF(ISNUMBER(ID7),ID7-IK7,"") | IE10: =IF(ISNUMBER(IE7),IE7-IK7,"") | IF10: =IF(ISNUMBER(IF7),IF7-IK7,"") | IG10: =IF(ISNUMBER(IG7),IG7-IK7,"") | IH10: =IF(ISNUMBER(IH7),IH7-IK7,"") | II10: =IF(ISNUMBER(II7),II7-IK7,"") | IJ10: =IF(ISNUMBER(IJ7),IJ7-IK7,"") | IK10: =IF(IC10<>"",SUM(IC10:IJ10),"") | IL10: B | IM10: =IF(IM9<>"",(IT7-IM9*IT5)/IT8,"") | IN10: B | IO10: =IF(IQ9<>"",INTERCEPT(IQ9:IQ10,IP9:IP10),"") | IP10: 5.08 | IQ10: =IF(IM9<>"",IM9*IP10^2+IM10*IP10+IM11,"") | IR10: =IF(IU6="","",IF(IU6>0,IX5,"")) | IS10: =IF(IU6="","",IF(IU6>0,IY5,"")) | IU10: 0 | IV10: =IF(IU6="","",IF(IU6>0,JA6,-1)) | IW10: =IF(IU6="","",IF(IU6>0,JA7,-1)) | IX10: =IF(IU6="","",IF(IU6>0,IW6,-1)) | IY10: =IF(IU6="","",IF(IU6>0,IW6,-1)) | IZ10: =IF(IU6="","",IF(IU6>0,IW6,-1)) | JA10: 0 | JB10: =IF(IU6="","",IF(IU6>0,IW6,-1)) | JD10: =IF(T11<>"",T11,"") | JE10: =IF(ISNUMBER(JE7),JE7-$JK7,"") | JF10: =IF(ISNUMBER(JF7),JF7-$JK7,"") -> -0.0015498488 | JG10: =IF(ISNUMBER(JG7),JG7-$JK7,"") -> -0.00015272297 | JH10: =IF(ISNUMBER(JH7),JH7-$JK7,"") -> 0.0017025718 | JI10: =IF(ISNUMBER(JI7),JI7-$JK7,"") | JJ10: =IF(ISNUMBER(JJ7),JJ7-$JK7,"") | JU10: =IF(T11<>0,LOOKUP(T11,Tara!$G$6:$G$185,Tara!$J$6:$J$185)/10,"") | JV10: =IF(ISNUMBER(U11),MAX(Z11:AC11)-MIN(Z11:AC11),"") | JW10: =IF(JV10<>"",JV10/JU10/10,"") | JX10: =IF(ISNUMBER(JX7),JX7-$JK7,"") | JY10: =IF(ISNUMBER(JY7),JY7-$JK7,"") -> -0.0015498488 | JZ10: =IF(ISNUMBER(JZ7),JZ7-$JK7,"") -> -0.00015272297 | KA10: =IF(ISNUMBER(KA7),KA7-$JK7,"") -> 0.0017025718 | KB10: =IF(ISNUMBER(KB7),KB7-$JK7,"") | KC10: =IF(ISNUMBER(KC7),KC7-$JK7,"") | KN10: =IF(KN8<>"",INDEX(LOGEST(KN9:KR9,KN8:KR8),2),"") | KO10: =IF(KN11<>"",LN(KN11),"") | KQ10: =IF(KN10<>"",LN(25/KN10)/KO10,"NP") -> NP | KS10: =IF(KS9<>"",5%*KS9,"") | KT10: =IF(KS9<>"",KS9+KS10,"") | KU10: =IF(KQ10<>"NP",KQ10-KW10,"NP") -> NP | KV10: =IF(KV9<>"",KV9-5%*KV9,"") | KW10: =IF(KV9<>"",KV9,"NP") -> NP | LS10: 40 | LT10: =IF(LL9<>"",LL9*100,"") -> 41.712021 | LU10: Índ. de Grupo (IG) | LW10: CLASSIFICAÇÃO "HRB" | LY10: =IF(LH11<LL11,"NP",AND(LU11<=8,LO11<=10,LH11<=40,LT11>35)) -> FALSE | LZ10: =IF(LH11<LL11,"NP",AND(LU11<=12,LO11<=10,LH11>40,LT11>35)) -> FALSE | MA10: =IF(LH11<LL11,"NP",AND(LU11<=16,LO11>10,LH11<=40,LT11>35)) -> FALSE | MB10: =IF(LH11<LL11,"NP",AND(LU11<=20,LO11>10,LH11>40,LT11>35,LO11<=LH11-30)) -> FALSE | MC10: =IF(LH11<LL11,"NP",AND(LU11<=20,LO11>10,LH11>40,LS11>35,LO11>LH11-30)) -> FALSE
B11: Golpes | C11: 55 | G11: Pela Higroscópica | H11: X | I11: Peso Bruto | J11: 9575 | K11: 9661 | L11: 10042 | M11: 10055 | N11: 10000 | P11: % Ret.# nº4 | Q11: 0.3648 | R11: Peso Bruto | AM11: Cápsula+solo seco | AW11: h 2 | AZ11: h 2 | BN11: % Água Adicionada | BO11: =IF(J5<>"",BO10/Q9,"") -> 0.014285714 | BP11: =IF(AND(ISNUMBER(BW10),ISNUMBER(BO11),BW10<>0),BO11+BW10,"") -> 0.029285714 | BQ11: =IF(AND(ISNUMBER(BW10),ISNUMBER(BP11),BW10<>0),BP11+BW10,"") -> 0.044285714 | BR11: =IF(AND(ISNUMBER(BW10),ISNUMBER(BQ11),BW10<>0),BQ11+BW10,"") -> 0.059285714 | BS11: =IF(AND(ISNUMBER(BW10),ISNUMBER(BR11),BW10<>0),BR11+BW10,"") -> 0.074285714 | BT11: =IF(AND(ISNUMBER(BW10),ISNUMBER(BS11),BW10<>0),BS11+BW10,"") -> 0.089285714 | BU11: P .Mat. S | BW11: =IF(ISNUMBER(Q9),Q9/(BW5+1),"") -> 6937.3163 | BY11: =IF(BY9<>"",BY9/(1+BY10),"") -> 1898.3267 | BZ11: =IF(BZ9<>"",BZ9/(1+BZ10),"") -> 2018.6054 | CA11: =IF(CA9<>"",CA9/(1+CA10),"") -> 2245.5883 | CB11: =IF(CB9<>"",CB9/(1+CB10),"") -> 2228.107 | CC11: =IF(CC9<>"",CC9/(1+CC10),"") -> 1980.6168 | CD11: =IF(CD9<>"",CD9/(1+CD10),"") | CJ11: =IF(ISNUMBER(CJ8),CJ8^2,"") | CL11: a | CM11: =(CR7*CR9-CR8*CR5)/(CR9^2-CR6*CR5) -> -305564.81 | CN11: b | CO11: =(CR8-CM11*CR6)/CR9 -> 35302.405 | CP11: c | CQ11: =CK6-CO11*CK5-CM11*CK7 -> 1199.6106 | CU11: =IF(S11<>0,S11-CU9,"") | CX11: =IF(ISNUMBER(CX8),CX8^2,"") | CY11: =IF(ISNUMBER(CY8),CY8^2,"") | CZ11: =IF(ISNUMBER(CZ8),CZ8^2,"") | DA11: =IF(ISNUMBER(DA8),DA8^2,"") | DB11: =IF(ISNUMBER(DB8),DB8^2,"") | DC11: =IF(ISNUMBER(DC8),DC8^2,"") | DD11: =IF(ISNUMBER(DD8),DD8^2,"") | DE11: =IF(ISNUMBER(DE8),DE8^2,"") | DF11: =IF(CX11<>"",SUM(CX11:DE11),"") | DG11: C | DH11: =IF(DH9<>"",DF6-DH10*DF5-DH9*DF7,"") | DM11: =IF(DP6="","",IF(DP6>0,DM10/70.31,"")) | DN11: =IF(DP6="","",IF(DP6>0,DN10/105.46,"")) | DP11: 2.54 | DQ11: =IF(DA6<>"",DA6/70.31,"") | DR11: 5.08 | DS11: =IF(DC6<>"",DC6/105.46,"") | DT11: =IF(DV11<>"",MAX(DV11,DX11),"") | DU11: 2.54 | DV11: =IF(DA6<>"",MAX(DM11,DQ11)*100,"") | DW11: 5.08 | DX11: =IF(DC6<>"",MAX(DN11,DS11)*100,"") | DY11: =IF(ISNUMBER(DY8),DY8^2,"") -> 9.1204 | DZ11: =IF(ISNUMBER(DZ8),DZ8^2,"") -> 5.6644 | EA11: =IF(ISNUMBER(EA8),EA8^2,"") -> 3.0625 | EB11: =IF(ISNUMBER(EB8),EB8^2,"") -> 1.2321 | EC11: =IF(ISNUMBER(EC8),EC8^2,"") -> 0.0256 | ED11: =IF(ISNUMBER(ED8),ED8^2,"") -> 2.0449 | EE11: =IF(ISNUMBER(EE8),EE8^2,"") -> 7.29 | EF11: =IF(ISNUMBER(EF8),EF8^2,"") -> 15.7609 | EG11: =IF(DY11<>"",SUM(DY11:EF11),"") -> 44.2008 | EH11: C | EI11: =IF(EI9<>"",EG6-EI10*EG5-EI9*EG7,"") -> 1788.2171 | EN11: =IF(EQ6="","",IF(EQ6>0,EN10/70.31,"")) | EO11: =IF(EQ6="","",IF(EQ6>0,EO10/105.46,"")) | EQ11: 2.54 | ER11: =IF(EB6<>"",EB6/70.31,"") -> 150.26454 | ES11: 5.08 | ET11: =IF(ED6<>"",ED6/105.46,"") -> 150.27167 | EU11: =IF(EW11<>"",MAX(EW11,EY11),"") -> 15027.167 | EV11: 2.54 | EW11: =IF(EB6<>"",MAX(EN11,ER11)*100,"") -> 15026.454 | EX11: 5.08 | EY11: =IF(ED6<>"",MAX(EO11,ET11)*100,"") -> 15027.167 | EZ11: =IF(ISNUMBER(EZ8),EZ8^2,"") -> 9.1204 | FA11: =IF(ISNUMBER(FA8),FA8^2,"") -> 5.6644 | FB11: =IF(ISNUMBER(FB8),FB8^2,"") -> 3.0625 | FC11: =IF(ISNUMBER(FC8),FC8^2,"") -> 1.2321 | FD11: =IF(ISNUMBER(FD8),FD8^2,"") -> 0.0256 | FE11: =IF(ISNUMBER(FE8),FE8^2,"") -> 2.0449 | FF11: =IF(ISNUMBER(FF8),FF8^2,"") -> 7.29 | FG11: =IF(ISNUMBER(FG8),FG8^2,"") -> 15.7609 | FH11: =IF(EZ11<>"",SUM(EZ11:FG11),"") -> 44.2008 | FI11: C | FJ11: =IF(FJ9<>"",FH6-FJ10*FH5-FJ9*FH7,"") -> 1520.9812 | FO11: =IF(FR6="","",IF(FR6>0,FO10/70.31,"")) | FP11: =IF(FR6="","",IF(FR6>0,FP10/105.46,"")) | FR11: 2.54 | FS11: =IF(FC6<>"",FC6/70.31,"") -> 201.45356 | FT11: 5.08 | FU11: =IF(FE6<>"",FE6/105.46,"") -> 201.46311 | FV11: =IF(FX11<>"",MAX(FX11,FZ11),"") -> 20146.311 | FW11: 2.54 | FX11: =IF(FC6<>"",MAX(FO11,FS11)*100,"") -> 20145.356 | FY11: 5.08 | FZ11: =IF(FE6<>"",MAX(FP11,FU11)*100,"") -> 20146.311 | GA11: =IF(ISNUMBER(GA8),GA8^2,"") -> 9.1204 | GB11: =IF(ISNUMBER(GB8),GB8^2,"") -> 5.6644 | GC11: =IF(ISNUMBER(GC8),GC8^2,"") -> 3.0625 | GD11: =IF(ISNUMBER(GD8),GD8^2,"") -> 1.2321 | GE11: =IF(ISNUMBER(GE8),GE8^2,"") -> 0.0256 | GF11: =IF(ISNUMBER(GF8),GF8^2,"") -> 2.0449 | GG11: =IF(ISNUMBER(GG8),GG8^2,"") -> 7.29 | GH11: =IF(ISNUMBER(GH8),GH8^2,"") -> 15.7609 | GI11: =IF(GA11<>"",SUM(GA11:GH11),"") -> 44.2008 | GJ11: C | GK11: =IF(GK9<>"",GI6-GK10*GI5-GK9*GI7,"") -> 417.79487 | GP11: =IF(GS6="","",IF(GS6>0,GP10/70.31,"")) | GQ11: =IF(GS6="","",IF(GS6>0,GQ10/105.46,"")) | GS11: 2.54 | GT11: =IF(GD6<>"",GD6/70.31,"") -> 165.67629 | GU11: 5.08 | GV11: =IF(GF6<>"",GF6/105.46,"") -> 165.50066 | GW11: =IF(GY11<>"",MAX(GY11,HA11),"") -> 16567.629 | GX11: 2.54 | GY11: =IF(GD6<>"",MAX(GP11,GT11)*100,"") -> 16567.629 | GZ11: 5.08 | HA11: =IF(GF6<>"",MAX(GQ11,GV11)*100,"") -> 16550.066 | HB11: =IF(ISNUMBER(HB8),HB8^2,"") | HC11: =IF(ISNUMBER(HC8),HC8^2,"") | HD11: =IF(ISNUMBER(HD8),HD8^2,"") | HE11: =IF(ISNUMBER(HE8),HE8^2,"") | HF11: =IF(ISNUMBER(HF8),HF8^2,"") | HG11: =IF(ISNUMBER(HG8),HG8^2,"") | HH11: =IF(ISNUMBER(HH8),HH8^2,"") | HI11: =IF(ISNUMBER(HI8),HI8^2,"") | HJ11: =IF(HB11<>"",SUM(HB11:HI11),"") | HK11: C | HL11: =IF(HL9<>"",HJ6-HL10*HJ5-HL9*HJ7,"") | HQ11: =IF(HT6="","",IF(HT6>0,HQ10/70.31,"")) | HR11: =IF(HT6="","",IF(HT6>0,HR10/105.46,"")) | HT11: 2.54 | HU11: =IF(HE6<>"",HE6/70.31,"") | HV11: 5.08 | HW11: =IF(HG6<>"",HG6/105.46,"") | HX11: =IF(HZ11<>"",MAX(HZ11,IB11),"") | HY11: 2.54 | HZ11: =IF(HE6<>"",MAX(HQ11,HU11)*100,"") | IA11: 5.08 | IB11: =IF(HG6<>"",MAX(HR11,HW11)*100,"") | IC11: =IF(ISNUMBER(IC8),IC8^2,"") | ID11: =IF(ISNUMBER(ID8),ID8^2,"") | IE11: =IF(ISNUMBER(IE8),IE8^2,"") | IF11: =IF(ISNUMBER(IF8),IF8^2,"") | IG11: =IF(ISNUMBER(IG8),IG8^2,"") | IH11: =IF(ISNUMBER(IH8),IH8^2,"") | II11: =IF(ISNUMBER(II8),II8^2,"") | IJ11: =IF(ISNUMBER(IJ8),IJ8^2,"") | IK11: =IF(IC11<>"",SUM(IC11:IJ11),"") | IL11: C | IM11: =IF(IM9<>"",IK6-IM10*IK5-IM9*IK7,"") | IR11: =IF(IU6="","",IF(IU6>0,IR10/70.31,"")) | IS11: =IF(IU6="","",IF(IU6>0,IS10/105.46,"")) | IU11: 2.54 | IV11: =IF(IF6<>"",IF6/70.31,"") | IW11: 5.08 | IX11: =IF(IH6<>"",IH6/105.46,"") | IY11: =IF(JA11<>"",MAX(JA11,JC11),"") | IZ11: 2.54 | JA11: =IF(IF6<>"",MAX(IR11,IV11)*100,"") | JB11: 5.08 | JC11: =IF(IH6<>"",MAX(IS11,IX11)*100,"") | JJ11: =IF(ISNUMBER(JJ8),JJ8^2,"") | JL11: a | JM11: =(JR7*JR9-JR8*JR5)/(JR9^2-JR6*JR5) -> -18983888 | JN11: b | JO11: =(JR8-JM11*JR6)/JR9 -> 2090578.5 | JP11: c | JQ11: =JK6-JO11*JK5-JM11*JK7 -> -37375.212 | KC11: =IF(ISNUMBER(KC8),KC8^2,"") | KE11: a | KF11: =(KK7*KK9-KK8*KK5)/(KK9^2-KK6*KK5) -> 171.14439 | KG11: b | KH11: =(KK8-KF11*KK6)/KK9 -> -21.547926 | KI11: c | KJ11: =KD6-KH11*KD5-KF11*KD7 -> 0.71583847 | KN11: =IF(KN8<>"",INDEX(LOGEST(KN9:KR9,KN8:KR8),1),"") | KP11: LL | KQ11: =IF(KQ10="NP",0,KQ10)*100 -> 0 | KS11: =IF($KT10>=KS8,IF($KT9<=KS8,KS8)) | KT11: =IF($KT10>=KT8,IF($KT9<=KT8,KT8)) | KU11: =IF($KT10>=KU8,IF($KT9<=KU8,KU8)) | KV11: =IF($KT10>=KV8,IF($KT9<=KV8,KV8)) | KW11: =IF($KT10>=KW8,IF($KT9<=KW8,KW8)) | KX11: LP | KY11: E.A | KZ11: =IF(KY9<>"",KY9,"") | LF11: LL | LG11: =IF(KQ11<>"",KQ11,"") -> 0 | LH11: =IF(LG11<>"",LG11,"") -> 0 | LK11: LP | LL11: =IF(KX9<>"",KX9,"") -> 0 | LM11: LL | LN11: =IF(KX5<>"",KX5,"") -> 0 | LO11: =IF(LN11<>"",LN11,"") -> 0 | LS11: 200 | LT11: =IF(LM9<>"",LM9*100,"") -> 22.91316 | LU11: =IF(((0.2)*LU9)+((0.005)*(LU9)*(LW9))+((0.01)*(LV9)*(LX9))<0,0,((0.2)*LU9)+((0.005)*(LU9)*(LW9))+((0.01)*(LV9)*(LX9))) -> 0 | LW11: =IF(LT11="","",IF(LZ11<>"",LZ11,IF(LZ11="",MA11))) -> A-1b | LZ11: =IF(MA8="NP","NP",IF(LZ10=TRUE,"A-5",IF(MA10=TRUE,"A-6",IF(MB10=TRUE,"A-7-5",IF(MC10=TRUE,"A-7-6",""))))) | MA11: =IF(LY8=TRUE,"A-1a",IF(LZ8=TRUE,"A-1b",IF(MA8=TRUE,"A-3",IF(MB8=TRUE,"A-2-4",IF(MC8=TRUE,"A-2-5",IF(MD8=TRUE,"A-2-6",IF(ME8=TRUE,"A-2-7",IF(LY10=TRUE,"A-4"," ")))))))) -> A-1b
A12: =A5+1 -> 2 | B12: ORIGEM DA AMOSTRA | F12: Númere os Pontos Executados (de 1 a 6) | J12: 1 | K12: 2 | L12: 3 | M12: 4 | N12: 5 | P12: Umidade Higroscópica | R12: Umidade. de Moldagem | T12: Pontos | U12: Cilindro Nº | V12: Hora da Leitura | Z12: Leitura | AD12: 0.5 | AE12: 1 | AF12: 1.5 | AG12: 2 | AH12: 3 | AI12: 4 | AJ12: 5 | AK12: 6 | AL12: Limite de Liquidez | AM12: Cápsula nº | AS12: =E14 -> 0 | AT12: Umidade Higrocópica | AZ12: Peneiramento Grosso | BG12: Total | BH12: Parcial | BI12: Peneiramento Fino | BL12: =AS12 -> 0 | BM12: Atenção | BN12: Peso da Água | BO12: =IF(ISNUMBER(J13),J14-J15,"") | BP12: =IF(ISNUMBER(K13),K14-K15,"") | BQ12: =IF(ISNUMBER(L13),L14-L15,"") | BR12: =IF(ISNUMBER(M13),M14-M15,"") | BS12: =IF(ISNUMBER(N13),N14-N15,"") | BT12: =IF(ISNUMBER(O13),O14-O15,"") | BU12: =IF(ISNUMBER(P13),P14-P15,"") -> 2 | BV12: =IF(ISNUMBER(Q13),Q14-Q15,"") -> 2.3 | BW12: =IF(ISNUMBER(BU12),AVERAGE(BU15:BV15),"") -> 0.01307878 | BX12: Cilindros | CE12: =IF(J12<>"",BY17,"") -> 0.022534182 | CF12: =IF(K12<>"",BZ17,"") -> 0.037730364 | CG12: =IF(L12<>"",CA17,"") -> 0.052926545 | CH12: =IF(M12<>"",CB17,"") -> 0.068122727 | CI12: =IF(N12<>"",CC17,"") -> 0.083318909 | CJ12: =IF(O12<>"",CD17,"") | CK12: =AVERAGE(CE12:CJ12) -> 0.052926545 | CL12: =IF(ISNUMBER(CE15),CE15^2,"") -> 0.00092369575 | CM12: =IF(ISNUMBER(CF15),CF15^2,"") -> 0.00023092394 | CN12: =IF(ISNUMBER(CG15),CG15^2,"") -> 0 | CO12: =IF(ISNUMBER(CH15),CH15^2,"") -> 0.00023092394 | CP12: =IF(ISNUMBER(CI15),CI15^2,"") -> 0.00092369575 | CQ12: =IF(ISNUMBER(CJ15),CJ15^2,"") | CR12: =SUM(CL12:CQ12) -> 0.0023092394 | CS12: x= | CT12: =-CO18/(2*CM18) -> 0.058982788 | CU12: =IF(ISNUMBER(R13),R14-R15,"") | CV12: =IF(ISNUMBER(S13),S14-S15,"") | CW12: =IF(ISNUMBER(CU12),AVERAGE(CU15:CV15),"") | CX12: 0.63 | CY12: 1.27 | CZ12: 1.9 | DA12: 2.54 | DB12: 3.81 | DC12: 5.08 | DD12: 6.35 | DE12: 7.62 | DF12: =IF(CX13<>"",AVERAGE(CX12:DE12),"") | DG12: =IF(ISNUMBER(CX17),CX17^2,"") | DH12: =IF(ISNUMBER(CY17),CY17^2,"") | DI12: =IF(ISNUMBER(CZ17),CZ17^2,"") | DJ12: =IF(ISNUMBER(DA17),DA17^2,"") | DK12: =IF(ISNUMBER(DB17),DB17^2,"") | DL12: =IF(ISNUMBER(DC17),DC17^2,"") | DM12: =IF(ISNUMBER(DD17),DD17^2,"") | DN12: =IF(ISNUMBER(DE17),DE17^2,"") | DO12: =IF(DG12<>"",SUM(DG12:DN12),"") | DP12: 0 | DQ12: =IF(DP13="","",IF(DP13>0,DT15,-1)) | DR12: =IF(DP13="","",IF(DP13>0,DV15,-1)) | DS12: =IF(DP13="","",IF(DP13>0,(DJ16*DS13)+DJ17,-1)) | DT12: =IF(DP13="","",IF(DP13>0,(DJ16*DT13)+DJ17,-1)) | DU12: =IF(DP13="","",IF(DP13>0,DT15,-1)) | DV12: =IF(DP13="","",IF(DP13>0,DT15,-1)) | DW12: =IF(DP13="","",IF(DP13>0,DT15,-1)) | DX12: =IF(DP13="","",IF(DP13>0,DS12,-1)) | DY12: 0.63 | DZ12: 1.27 | EA12: 1.9 | EB12: 2.54 | EC12: 3.81 | ED12: 5.08 | EE12: 6.35 | EF12: 7.62 | EG12: =IF(DY13<>"",AVERAGE(DY12:EF12),"") -> 3.65 | EH12: =IF(ISNUMBER(DY17),DY17^2,"") -> 340.42833 | EI12: =IF(ISNUMBER(DZ17),DZ17^2,"") -> 297.03488 | EJ12: =IF(ISNUMBER(EA17),EA17^2,"") -> 232.18445 | EK12: =IF(ISNUMBER(EB17),EB17^2,"") -> 153.66082 | EL12: =IF(ISNUMBER(EC17),EC17^2,"") -> 18.761892 | EM12: =IF(ISNUMBER(ED17),ED17^2,"") -> 48.424897 | EN12: =IF(ISNUMBER(EE17),EE17^2,"") -> 461.17133 | EO12: =IF(ISNUMBER(EF17),EF17^2,"") -> 1537.9574 | EP12: =IF(EH12<>"",SUM(EH12:EO12),"") -> 3089.624 | EQ12: 0 | ER12: =IF(EQ13="","",IF(EQ13>0,EU15,-1)) -> -1 | ES12: =IF(EQ13="","",IF(EQ13>0,EW15,-1)) -> -1 | ET12: =IF(EQ13="","",IF(EQ13>0,(EK16*ET13)+EK17,-1)) -> -1 | EU12: =IF(EQ13="","",IF(EQ13>0,(EK16*EU13)+EK17,-1)) -> -1 | EV12: =IF(EQ13="","",IF(EQ13>0,EU15,-1)) -> -1 | EW12: =IF(EQ13="","",IF(EQ13>0,EU15,-1)) -> -1 | EX12: =IF(EQ13="","",IF(EQ13>0,EU15,-1)) -> -1 | EY12: =IF(EQ13="","",IF(EQ13>0,ET12,-1)) -> -1 | EZ12: 0.63 | FA12: 1.27 | FB12: 1.9 | FC12: 2.54 | FD12: 3.81 | FE12: 5.08 | FF12: 6.35 | FG12: 7.62 | FH12: =IF(EZ13<>"",AVERAGE(EZ12:FG12),"") -> 3.65 | FI12: =IF(ISNUMBER(EZ17),EZ17^2,"") -> 340.42833 | FJ12: =IF(ISNUMBER(FA17),FA17^2,"") -> 297.03488 | FK12: =IF(ISNUMBER(FB17),FB17^2,"") -> 232.18445 | FL12: =IF(ISNUMBER(FC17),FC17^2,"") -> 153.66082 | FM12: =IF(ISNUMBER(FD17),FD17^2,"") -> 18.761892 | FN12: =IF(ISNUMBER(FE17),FE17^2,"") -> 48.424897 | FO12: =IF(ISNUMBER(FF17),FF17^2,"") -> 461.17133 | FP12: =IF(ISNUMBER(FG17),FG17^2,"") -> 1537.9574 | FQ12: =IF(FI12<>"",SUM(FI12:FP12),"") -> 3089.624 | FR12: 0 | FS12: =IF(FR13="","",IF(FR13>0,FV15,-1)) -> -1 | FT12: =IF(FR13="","",IF(FR13>0,FX15,-1)) -> -1 | FU12: =IF(FR13="","",IF(FR13>0,(FL16*FU13)+FL17,-1)) -> -1 | FV12: =IF(FR13="","",IF(FR13>0,(FL16*FV13)+FL17,-1)) -> -1 | FW12: =IF(FR13="","",IF(FR13>0,FV15,-1)) -> -1 | FX12: =IF(FR13="","",IF(FR13>0,FV15,-1)) -> -1 | FY12: =IF(FR13="","",IF(FR13>0,FV15,-1)) -> -1 | FZ12: =IF(FR13="","",IF(FR13>0,FU12,-1)) -> -1 | GA12: 0.63 | GB12: 1.27 | GC12: 1.9 | GD12: 2.54 | GE12: 3.81 | GF12: 5.08 | GG12: 6.35 | GH12: 7.62 | GI12: =IF(GA13<>"",AVERAGE(GA12:GH12),"") -> 3.65 | GJ12: =IF(ISNUMBER(GA17),GA17^2,"") -> 340.42833 | GK12: =IF(ISNUMBER(GB17),GB17^2,"") -> 297.03488 | GL12: =IF(ISNUMBER(GC17),GC17^2,"") -> 232.18445 | GM12: =IF(ISNUMBER(GD17),GD17^2,"") -> 153.66082 | GN12: =IF(ISNUMBER(GE17),GE17^2,"") -> 18.761892 | GO12: =IF(ISNUMBER(GF17),GF17^2,"") -> 48.424897 | GP12: =IF(ISNUMBER(GG17),GG17^2,"") -> 461.17133 | GQ12: =IF(ISNUMBER(GH17),GH17^2,"") -> 1537.9574 | GR12: =IF(GJ12<>"",SUM(GJ12:GQ12),"") -> 3089.624 | GS12: 0 | GT12: =IF(GS13="","",IF(GS13>0,GW15,-1)) -> 7.3923478 | GU12: =IF(GS13="","",IF(GS13>0,GY15,-1)) -> 16.678053 | GV12: =IF(GS13="","",IF(GS13>0,(GM16*GV13)+GM17,-1)) -> 9.2857053 | GW12: =IF(GS13="","",IF(GS13>0,(GM16*GW13)+GM17,-1)) -> 18.571411 | GX12: =IF(GS13="","",IF(GS13>0,GW15,-1)) -> 7.3923478 | GY12: =IF(GS13="","",IF(GS13>0,GW15,-1)) -> 7.3923478 | GZ12: =IF(GS13="","",IF(GS13>0,GW15,-1)) -> 7.3923478 | HA12: =IF(GS13="","",IF(GS13>0,GV12,-1)) -> 9.2857053 | HB12: 0.63 | HC12: 1.27 | HD12: 1.9 | HE12: 2.54 | HF12: 3.81 | HG12: 5.08 | HH12: 6.35 | HI12: 7.62 | HJ12: =IF(HB13<>"",AVERAGE(HB12:HI12),"") | HK12: =IF(ISNUMBER(HB17),HB17^2,"") | HL12: =IF(ISNUMBER(HC17),HC17^2,"") | HM12: =IF(ISNUMBER(HD17),HD17^2,"") | HN12: =IF(ISNUMBER(HE17),HE17^2,"") | HO12: =IF(ISNUMBER(HF17),HF17^2,"") | HP12: =IF(ISNUMBER(HG17),HG17^2,"") | HQ12: =IF(ISNUMBER(HH17),HH17^2,"") | HR12: =IF(ISNUMBER(HI17),HI17^2,"") | HS12: =IF(HK12<>"",SUM(HK12:HR12),"") | HT12: 0 | HU12: =IF(HT13="","",IF(HT13>0,HX15,-1)) | HV12: =IF(HT13="","",IF(HT13>0,HZ15,-1)) | HW12: =IF(HT13="","",IF(HT13>0,(HN16*HW13)+HN17,-1)) | HX12: =IF(HT13="","",IF(HT13>0,(HN16*HX13)+HN17,-1)) | HY12: =IF(HT13="","",IF(HT13>0,HX15,-1)) | HZ12: =IF(HT13="","",IF(HT13>0,HX15,-1)) | IA12: =IF(HT13="","",IF(HT13>0,HX15,-1)) | IB12: =IF(HT13="","",IF(HT13>0,HW12,-1)) | IC12: 0.63 | ID12: 1.27 | IE12: 1.9 | IF12: 2.54 | IG12: 3.81 | IH12: 5.08 | II12: 6.35 | IJ12: 7.62 | IK12: =IF(IC13<>"",AVERAGE(IC12:IJ12),"") | IL12: =IF(ISNUMBER(IC17),IC17^2,"") | IM12: =IF(ISNUMBER(ID17),ID17^2,"") | IN12: =IF(ISNUMBER(IE17),IE17^2,"") | IO12: =IF(ISNUMBER(IF17),IF17^2,"") | IP12: =IF(ISNUMBER(IG17),IG17^2,"") | IQ12: =IF(ISNUMBER(IH17),IH17^2,"") | IR12: =IF(ISNUMBER(II17),II17^2,"") | IS12: =IF(ISNUMBER(IJ17),IJ17^2,"") | IT12: =IF(IL12<>"",SUM(IL12:IS12),"") | IU12: 0 | IV12: =IF(IU13="","",IF(IU13>0,IY15,-1)) | IW12: =IF(IU13="","",IF(IU13>0,JA15,-1)) | IX12: =IF(IU13="","",IF(IU13>0,(IO16*IX13)+IO17,-1)) | IY12: =IF(IU13="","",IF(IU13>0,(IO16*IY13)+IO17,-1)) | IZ12: =IF(IU13="","",IF(IU13>0,IY15,-1)) | JA12: =IF(IU13="","",IF(IU13>0,IY15,-1)) | JB12: =IF(IU13="","",IF(IU13>0,IY15,-1)) | JC12: =IF(IU13="","",IF(IU13>0,IX12,-1)) | JD12: =IF(T13<>"",T13,"") | JE12: =IF(JD12<>"",CE12,"") | JF12: =IF(JD13<>"",CF12,"") -> 0.037730364 | JG12: =IF(JD14<>"",CG12,"") -> 0.052926545 | JH12: =IF(JD15<>"",CH12,"") -> 0.068122727 | JI12: =IF(JD16<>"",CI12,"") | JJ12: =IF(JD17<>"",CJ12,"") | JK12: =AVERAGE(JE12:JJ12) -> 0.052926545 | JL12: =IF(ISNUMBER(JE15),JE15^2,"") | JM12: =IF(ISNUMBER(JF15),JF15^2,"") -> 0.00023092394 | JN12: =IF(ISNUMBER(JG15),JG15^2,"") -> 0 | JO12: =IF(ISNUMBER(JH15),JH15^2,"") -> 0.00023092394 | JP12: =IF(ISNUMBER(JI15),JI15^2,"") | JQ12: =IF(ISNUMBER(JJ15),JJ15^2,"") | JR12: =SUM(JL12:JQ12) -> 0.00046184788 | JS12: x= | JT12: =-JO18/(2*JM18) -> 0.0529467 | JU12: =IF(T13<>0,LOOKUP(T13,Tara!$G$6:$G$185,Tara!$J$6:$J$185)/10,"") | JV12: =IF(ISNUMBER(U13),MAX(Z13:AC13)-MIN(Z13:AC13),"") | JW12: =IF(JV12<>"",JV12/JU12/10,"") | JX12: =IF(JD12<>"",CE12,"") | JY12: =IF(JD13<>"",CF12,"") -> 0.037730364 | JZ12: =IF(JD14<>"",CG12,"") -> 0.052926545 | KA12: =IF(JD15<>"",CH12,"") -> 0.068122727 | KB12: =IF(JD16<>"",CI12,"") | KC12: =IF(JD17<>"",CJ12,"") | KD12: =AVERAGE(JX12:KC12) -> 0.052926545 | KE12: =IF(ISNUMBER(JX15),JX15^2,"") | KF12: =IF(ISNUMBER(JY15),JY15^2,"") -> 0.00023092394 | KG12: =IF(ISNUMBER(JZ15),JZ15^2,"") -> 0 | KH12: =IF(ISNUMBER(KA15),KA15^2,"") -> 0.00023092394 | KI12: =IF(ISNUMBER(KB15),KB15^2,"") | KJ12: =IF(ISNUMBER(KC15),KC15^2,"") | KK12: =SUM(KE12:KJ12) -> 0.00046184788 | KL12: x= | KM12: =-KH18/(2*KF18) -> 0.051220366 | KN12: =IF(ISNUMBER(AN12),AN13-AN14,"") | KO12: =IF(ISNUMBER(AO12),AO13-AO14,"") | KP12: =IF(ISNUMBER(AP12),AP13-AP14,"") | KQ12: =IF(ISNUMBER(AQ12),AQ13-AQ14,"") | KR12: =IF(ISNUMBER(AR12),AR13-AR14,"") | KS12: =IF(ISNUMBER(AN16),AN17-AN18,"") | KT12: =IF(ISNUMBER(AO16),AO17-AO18,"") | KU12: =IF(ISNUMBER(AP16),AP17-AP18,"") | KV12: =IF(ISNUMBER(AQ16),AQ17-AQ18,"") | KW12: =IF(ISNUMBER(AR16),AR17-AR18,"") | KX12: =IF(KU17="NP",0,KU17)*100 -> 0 | KY12: 1 | KZ12: 2 | LA12: =IF(ISNUMBER(AT16),AU16-AV16,"") -> 0 | LB12: =IF(ISNUMBER(AW16),AX16-AY16,"") -> 0 | LE12: 2" | LF12: 1 ½" | LG12: 1" | LH12: ¾" | LI12: 3/8" | LJ12: 4 | LK12: 10 | LL12: 40 | LM12: 200
B13: Estaca: | D13: Registro : | E13: 2 | F13: Marque com X se a Compactação é | G13: Simples | I13: Nº da Cápsula | P13: 13 | Q13: 26 | V13: 0.45833333 | AM13: Cápsula+solo úmido | AT13: Cápsula 01 | AW13: Cápsula 02 | AZ13: Retido | BG13: Amostra | BH13: Peso | BI13: Retido | BN13: Peso da Cápsula | BO13: =IF(ISNUMBER(J13),LOOKUP(J13,Tara!$C$6:$C$185,Tara!$D$6:$D$185),"") | BP13: =IF(ISNUMBER(K13),LOOKUP(K13,Tara!$C$6:$C$185,Tara!$D$6:$D$185),"") | BQ13: =IF(ISNUMBER(L13),LOOKUP(L13,Tara!$C$6:$C$185,Tara!$D$6:$D$185),"") | BR13: =IF(ISNUMBER(M13),LOOKUP(M13,Tara!$C$6:$C$185,Tara!$D$6:$D$185),"") | BS13: =IF(ISNUMBER(N13),LOOKUP(N13,Tara!$C$6:$C$185,Tara!$D$6:$D$185),"") | BT13: =IF(ISNUMBER(O13),LOOKUP(O13,Tara!$C$6:$C$185,Tara!$D$6:$D$185),"") | BU13: =IF(ISNUMBER(P13),LOOKUP(P13,Tara!$C$6:$C$185,Tara!$D$6:$D$185),"") -> 24.15 | BV13: =IF(ISNUMBER(Q13),LOOKUP(Q13,Tara!$C$6:$C$185,Tara!$D$6:$D$185),"") -> 21.95 | BX13: Peso do Cilindro | BY13: =IF(ISNUMBER(J17),LOOKUP(J17,Tara!$G$6:$G$185,Tara!$H$6:$H$185),"") -> 5530 | BZ13: =IF(ISNUMBER(K17),LOOKUP(K17,Tara!$G$6:$G$185,Tara!$H$6:$H$185),"") -> 4009 | CA13: =IF(ISNUMBER(L17),LOOKUP(L17,Tara!$G$6:$G$185,Tara!$H$6:$H$185),"") -> 5343 | CB13: =IF(ISNUMBER(M17),LOOKUP(M17,Tara!$G$6:$G$185,Tara!$H$6:$H$185),"") -> 4705 | CC13: =IF(ISNUMBER(N17),LOOKUP(N17,Tara!$G$6:$G$185,Tara!$H$6:$H$185),"") -> 5530 | CD13: =IF(ISNUMBER(O17),LOOKUP(O17,Tara!$G$6:$G$185,Tara!$H$6:$H$185),"") | CE13: =IF(J12<>"",BY18,"") -> 2006.6549 | CF13: =IF(K12<>"",BZ18,"") -> 2112.1163 | CG13: =IF(L12<>"",CA18,"") -> 2284.1701 | CH13: =IF(M12<>"",CB18,"") -> 2229.4894 | CI13: =IF(N12<>"",CC18,"") -> 2129.4897 | CJ13: =IF(O12<>"",CD18,"") | CK13: =AVERAGE(CE13:CJ13) -> 2152.3841 | CL13: =IF(ISNUMBER(CE17),CE17^2,"") -> 7.5915554e-06 | CM13: =IF(ISNUMBER(CF17),CF17^2,"") -> 3.3837115e-06 | CN13: =IF(ISNUMBER(CG17),CG17^2,"") -> 2.1330346e-07 | CO13: =IF(ISNUMBER(CH17),CH17^2,"") -> 1.8978888e-06 | CP13: =IF(ISNUMBER(CI17),CI17^2,"") -> 1.3534846e-05 | CQ13: =IF(ISNUMBER(CJ17),CJ17^2,"") | CR13: =SUM(CL13:CQ13) -> 2.6621305e-05 | CS13: y= | CT13: =CM18*CT12^2+CO18*CT12+CQ18 -> 2250.7122 | CU13: =IF(ISNUMBER(R13),LOOKUP(R13,Tara!$C$6:$C$185,Tara!$D$6:$D$185),"") | CV13: =IF(ISNUMBER(S13),LOOKUP(S13,Tara!$C$6:$C$185,Tara!$D$6:$D$185),"") | CX13: =IF(ISNUMBER(AD13),AD13*$W16,"") | CY13: =IF(ISNUMBER(AE13),AE13*$W16,"") | CZ13: =IF(ISNUMBER(AF13),AF13*$W16,"") | DA13: =IF(ISNUMBER(AG13),AG13*$W16,"") | DB13: =IF(ISNUMBER(AH13),AH13*$W16,"") | DC13: =IF(ISNUMBER(AI13),AI13*$W16,"") | DD13: =IF(ISNUMBER(AJ13),AJ13*$W16,"") | DE13: =IF(ISNUMBER(AK13),AK13*$W16,"") | DF13: =IF(CX13<>"",AVERAGE(CX13:DE13),"") | DG13: =IF(ISERROR(CX15*CX16),"",CX15*CX16) | DH13: =IF(ISERROR(CY15*CY16),"",CY15*CY16) | DI13: =IF(ISERROR(CZ15*CZ16),"",CZ15*CZ16) | DJ13: =IF(ISERROR(DA15*DA16),"",DA15*DA16) | DK13: =IF(ISERROR(DB15*DB16),"",DB15*DB16) | DL13: =IF(ISERROR(DC15*DC16),"",DC15*DC16) | DM13: =IF(ISERROR(DD15*DD16),"",DD15*DD16) | DN13: =IF(ISERROR(DE15*DE16),"",DE15*DE16) | DO13: =IF(DG13<>"",SUM(DG13:DN13),"") | DP13: =IF(DJ17<>"",(DP12-DJ17)/DJ16,"") | DQ13: =IF(DP13="","",IF(DP13>0,DT14+DP13,-1)) | DR13: =IF(DP13="","",IF(DP13>0,DV14+DP13,-1)) | DS13: =IF(DP13="","",IF(DP13>0,DQ13,-1)) | DT13: =IF(DP13="","",IF(DP13>0,DR13,-1)) | DU13: =IF(DP13="","",IF(DP13>0,DT14,-1)) | DV13: =IF(DP13="","",IF(DP13>0,DQ13,-1)) | DW13: =IF(DP13="","",IF(DP13>0,DS13,-1)) | DX13: =IF(DP13="","",IF(DP13>0,DS13,-1)) | DY13: =IF(ISNUMBER(AD14),AD14*$W16,"") -> 5.5 | DZ13: =IF(ISNUMBER(AE14),AE14*$W16,"") -> 8.7 | EA13: =IF(ISNUMBER(AF14),AF14*$W16,"") -> 10 | EB13: =IF(ISNUMBER(AG14),AG14*$W16,"") -> 11.5 | EC13: =IF(ISNUMBER(AH14),AH14*$W16,"") -> 13.5 | ED13: =IF(ISNUMBER(AI14),AI14*$W16,"") -> 18 | EE13: =IF(ISNUMBER(AJ14),AJ14*$W16,"") -> 23 | EF13: =IF(ISNUMBER(AK14),AK14*$W16,"") -> 34 | EG13: =IF(DY13<>"",AVERAGE(DY13:EF13),"") -> 15.525 | EH13: =IF(ISERROR(DY15*DY16),"",DY15*DY16) -> 30.2755 | EI13: =IF(ISERROR(DZ15*DZ16),"",DZ15*DZ16) -> 16.2435 | EJ13: =IF(ISERROR(EA15*EA16),"",EA15*EA16) -> 9.66875 | EK13: =IF(ISERROR(EB15*EB16),"",EB15*EB16) -> 4.46775 | EL13: =IF(ISERROR(EC15*EC16),"",EC15*EC16) -> -0.324 | EM13: =IF(ISERROR(ED15*ED16),"",ED15*ED16) -> 3.53925 | EN13: =IF(ISERROR(EE15*EE16),"",EE15*EE16) -> 20.1825 | EO13: =IF(ISERROR(EF15*EF16),"",EF15*EF16) -> 73.34575 | EP13: =IF(EH13<>"",SUM(EH13:EO13),"") -> 157.399 | EQ13: =IF(EK17<>"",(EQ12-EK17)/EK16,"") -> -0.50366214 | ER13: =IF(EQ13="","",IF(EQ13>0,EU14+EQ13,-1)) -> -1 | ES13: =IF(EQ13="","",IF(EQ13>0,EW14+EQ13,-1)) -> -1 | ET13: =IF(EQ13="","",IF(EQ13>0,ER13,-1)) -> -1 | EU13: =IF(EQ13="","",IF(EQ13>0,ES13,-1)) -> -1 | EV13: =IF(EQ13="","",IF(EQ13>0,EU14,-1)) -> -1 | EW13: =IF(EQ13="","",IF(EQ13>0,ER13,-1)) -> -1 | EX13: =IF(EQ13="","",IF(EQ13>0,ET13,-1)) -> -1 | EY13: =IF(EQ13="","",IF(EQ13>0,ET13,-1)) -> -1 | EZ13: =IF(ISNUMBER(AD15),AD15*$W16,"") -> 17 | FA13: =IF(ISNUMBER(AE15),AE15*$W16,"") -> 43 | FB13: =IF(ISNUMBER(AF15),AF15*$W16,"") -> 65.5 | FC13: =IF(ISNUMBER(AG15),AG15*$W16,"") -> 84 | FD13: =IF(ISNUMBER(AH15),AH15*$W16,"") -> 103.5 | FE13: =IF(ISNUMBER(AI15),AI15*$W16,"") -> 116 | FF13: =IF(ISNUMBER(AJ15),AJ15*$W16,"") -> 130 | FG13: =IF(ISNUMBER(AK15),AK15*$W16,"") -> 152 | FH13: =IF(EZ13<>"",AVERAGE(EZ13:FG13),"") -> 88.875 | FI13: =IF(ISERROR(EZ15*EZ16),"",EZ15*EZ16) -> 217.0625 | FJ13: =IF(ISERROR(FA15*FA16),"",FA15*FA16) -> 109.1825 | FK13: =IF(ISERROR(FB15*FB16),"",FB15*FB16) -> 40.90625 | FL13: =IF(ISERROR(FC15*FC16),"",FC15*FC16) -> 5.41125 | FM13: =IF(ISERROR(FD15*FD16),"",FD15*FD16) -> 2.34 | FN13: =IF(ISERROR(FE15*FE16),"",FE15*FE16) -> 38.78875 | FO13: =IF(ISERROR(FF15*FF16),"",FF15*FF16) -> 111.0375 | FP13: =IF(ISERROR(FG15*FG16),"",FG15*FG16) -> 250.60625 | FQ13: =IF(FI13<>"",SUM(FI13:FP13),"") -> 775.335 | FR13: =IF(FL17<>"",(FR12-FL17)/FL16,"") -> -1.5477218 | FS13: =IF(FR13="","",IF(FR13>0,FV14+FR13,-1)) -> -1 | FT13: =IF(FR13="","",IF(FR13>0,FX14+FR13,-1)) -> -1 | FU13: =IF(FR13="","",IF(FR13>0,FS13,-1)) -> -1 | FV13: =IF(FR13="","",IF(FR13>0,FT13,-1)) -> -1 | FW13: =IF(FR13="","",IF(FR13>0,FV14,-1)) -> -1 | FX13: =IF(FR13="","",IF(FR13>0,FS13,-1)) -> -1 | FY13: =IF(FR13="","",IF(FR13>0,FU13,-1)) -> -1 | FZ13: =IF(FR13="","",IF(FR13>0,FU13,-1)) -> -1 | GA13: =IF(ISNUMBER(AD16),AD16*$W16,"") -> 1.5 | GB13: =IF(ISNUMBER(AE16),AE16*$W16,"") -> 3 | GC13: =IF(ISNUMBER(AF16),AF16*$W16,"") -> 5.5 | GD13: =IF(ISNUMBER(AG16),AG16*$W16,"") -> 7.5 | GE13: =IF(ISNUMBER(AH16),AH16*$W16,"") -> 12 | GF13: =IF(ISNUMBER(AI16),AI16*$W16,"") -> 17 | GG13: =IF(ISNUMBER(AJ16),AJ16*$W16,"") -> 21 | GH13: =IF(ISNUMBER(AK16),AK16*$W16,"") -> 28 | GI13: =IF(GA13<>"",AVERAGE(GA13:GH13),"") -> 11.9375 | GJ13: =IF(ISERROR(GA15*GA16),"",GA15*GA16) -> 31.52125 | GK13: =IF(ISERROR(GB15*GB16),"",GB15*GB16) -> 21.27125 | GL13: =IF(ISERROR(GC15*GC16),"",GC15*GC16) -> 11.265625 | GM13: =IF(ISERROR(GD15*GD16),"",GD15*GD16) -> 4.925625 | GN13: =IF(ISERROR(GE15*GE16),"",GE15*GE16) -> 0.01 | GO13: =IF(ISERROR(GF15*GF16),"",GF15*GF16) -> 7.239375 | GP13: =IF(ISERROR(GG15*GG16),"",GG15*GG16) -> 24.46875 | GQ13: =IF(ISERROR(GH15*GH16),"",GH15*GH16) -> 63.768125 | GR13: =IF(GJ13<>"",SUM(GJ13:GQ13),"") -> 164.47 | GS13: =IF(GM17<>"",(GS12-GM17)/GM16,"") -> 0.5179066 | GT13: =IF(GS13="","",IF(GS13>0,GW14+GS13,-1)) -> 3.0579066 | GU13: =IF(GS13="","",IF(GS13>0,GY14+GS13,-1)) -> 5.5979066 | GV13: =IF(GS13="","",IF(GS13>0,GT13,-1)) -> 3.0579066 | GW13: =IF(GS13="","",IF(GS13>0,GU13,-1)) -> 5.5979066 | GX13: =IF(GS13="","",IF(GS13>0,GW14,-1)) -> 2.54 | GY13: =IF(GS13="","",IF(GS13>0,GT13,-1)) -> 3.0579066 | GZ13: =IF(GS13="","",IF(GS13>0,GV13,-1)) -> 3.0579066 | HA13: =IF(GS13="","",IF(GS13>0,GV13,-1)) -> 3.0579066 | HB13: =IF(ISNUMBER(AD17),AD17*$W16,"") | HC13: =IF(ISNUMBER(AE17),AE17*$W16,"") | HD13: =IF(ISNUMBER(AF17),AF17*$W16,"") | HE13: =IF(ISNUMBER(AG17),AG17*$W16,"") | HF13: =IF(ISNUMBER(AH17),AH17*$W16,"") | HG13: =IF(ISNUMBER(AI17),AI17*$W16,"") | HH13: =IF(ISNUMBER(AJ17),AJ17*$W16,"") | HI13: =IF(ISNUMBER(AK17),AK17*$W16,"") | HJ13: =IF(HB13<>"",AVERAGE(HB13:HI13),"") | HK13: =IF(ISERROR(HB15*HB16),"",HB15*HB16) | HL13: =IF(ISERROR(HC15*HC16),"",HC15*HC16) | HM13: =IF(ISERROR(HD15*HD16),"",HD15*HD16) | HN13: =IF(ISERROR(HE15*HE16),"",HE15*HE16) | HO13: =IF(ISERROR(HF15*HF16),"",HF15*HF16) | HP13: =IF(ISERROR(HG15*HG16),"",HG15*HG16) | HQ13: =IF(ISERROR(HH15*HH16),"",HH15*HH16) | HR13: =IF(ISERROR(HI15*HI16),"",HI15*HI16) | HS13: =IF(HK13<>"",SUM(HK13:HR13),"") | HT13: =IF(HN17<>"",(HT12-HN17)/HN16,"") | HU13: =IF(HT13="","",IF(HT13>0,HX14+HT13,-1)) | HV13: =IF(HT13="","",IF(HT13>0,HZ14+HT13,-1)) | HW13: =IF(HT13="","",IF(HT13>0,HU13,-1)) | HX13: =IF(HT13="","",IF(HT13>0,HV13,-1)) | HY13: =IF(HT13="","",IF(HT13>0,HX14,-1)) | HZ13: =IF(HT13="","",IF(HT13>0,HU13,-1)) | IA13: =IF(HT13="","",IF(HT13>0,HW13,-1)) | IB13: =IF(HT13="","",IF(HT13>0,HW13,-1)) | IC13: =IF(ISNUMBER(AD18),AD18*$W16,"") | ID13: =IF(ISNUMBER(AE18),AE18*$W16,"") | IE13: =IF(ISNUMBER(AF18),AF18*$W16,"") | IF13: =IF(ISNUMBER(AG18),AG18*$W16,"") | IG13: =IF(ISNUMBER(AH18),AH18*$W16,"") | IH13: =IF(ISNUMBER(AI18),AI18*$W16,"") | II13: =IF(ISNUMBER(AJ18),AJ18*$W16,"") | IJ13: =IF(ISNUMBER(AK18),AK18*$W16,"") | IK13: =IF(IC13<>"",AVERAGE(IC13:IJ13),"") | IL13: =IF(ISERROR(IC15*IC16),"",IC15*IC16) | IM13: =IF(ISERROR(ID15*ID16),"",ID15*ID16) | IN13: =IF(ISERROR(IE15*IE16),"",IE15*IE16) | IO13: =IF(ISERROR(IF15*IF16),"",IF15*IF16) | IP13: =IF(ISERROR(IG15*IG16),"",IG15*IG16) | IQ13: =IF(ISERROR(IH15*IH16),"",IH15*IH16) | IR13: =IF(ISERROR(II15*II16),"",II15*II16) | IS13: =IF(ISERROR(IJ15*IJ16),"",IJ15*IJ16) | IT13: =IF(IL13<>"",SUM(IL13:IS13),"") | IU13: =IF(IO17<>"",(IU12-IO17)/IO16,"") | IV13: =IF(IU13="","",IF(IU13>0,IY14+IU13,-1)) | IW13: =IF(IU13="","",IF(IU13>0,JA14+IU13,-1)) | IX13: =IF(IU13="","",IF(IU13>0,IV13,-1)) | IY13: =IF(IU13="","",IF(IU13>0,IW13,-1)) | IZ13: =IF(IU13="","",IF(IU13>0,IY14,-1)) | JA13: =IF(IU13="","",IF(IU13>0,IV13,-1)) | JB13: =IF(IU13="","",IF(IU13>0,IX13,-1)) | JC13: =IF(IU13="","",IF(IU13>0,IX13,-1)) | JD13: =IF(T14<>"",T14,"") -> 2 | JE13: =IF(JD12<>"",MAX(DV18,DX18),"") | JF13: =IF(JD13<>"",MAX(EW18,EY18),"") -> 17.068083 | JG13: =IF(JD14<>"",MAX(FX18,FZ18),"") -> 119.47091 | JH13: =IF(JD15<>"",MAX(GY18,HA18),"") -> 17.60991 | JI13: =IF(JD16<>"",MAX(HZ18,IB18),"") | JJ13: =IF(JJ12<>"",MAX(JA18,JC18),"") | JK13: =AVERAGE(JE13:JJ13) -> 51.382969 | JL13: =IF(ISNUMBER(JE17),JE17^2,"") | JM13: =IF(ISNUMBER(JF17),JF17^2,"") -> 2.3457623e-06 | JN13: =IF(ISNUMBER(JG17),JG17^2,"") -> 2.3700385e-08 | JO13: =IF(ISNUMBER(JH17),JH17^2,"") -> 2.8410365e-06 | JP13: =IF(ISNUMBER(JI17),JI17^2,"") | JQ13: =IF(ISNUMBER(JJ17),JJ17^2,"") | JR13: =SUM(JL13:JQ13) -> 5.2104992e-06 | JS13: y= | JT13: =JM18*JT12^2+JO18*JT12+JQ18 -> 119.47109 | JU13: =IF(T14<>0,LOOKUP(T14,Tara!$G$6:$G$185,Tara!$J$6:$J$185)/10,"") -> 11.494 | JV13: =IF(ISNUMBER(U14),MAX(Z14:AC14)-MIN(Z14:AC14),"") -> 0.16 | JW13: =IF(JV13<>"",JV13/JU13/10,"") -> 0.0013920306 | JX13: =IF(JD12<>"",JW12*100,"") | JY13: =IF(JD13<>"",JW13*100,"") -> 0.13920306 | JZ13: =IF(JD14<>"",JW14*100,"") -> 0.30434783 | KA13: =IF(JD15<>"",JW15*100,"") -> 0.043557801 | KB13: =IF(JD16<>"",JW16*100,"") | KC13: =IF(KC12<>"",JW17*100,"") | KD13: =AVERAGE(JX13:KC13) -> 0.16236956 | KE13: =IF(ISNUMBER(JX17),JX17^2,"") | KF13: =IF(ISNUMBER(JY17),JY17^2,"") -> 2.3457623e-06 | KG13: =IF(ISNUMBER(JZ17),JZ17^2,"") -> 2.3700385e-08 | KH13: =IF(ISNUMBER(KA17),KA17^2,"") -> 2.8410365e-06 | KI13: =IF(ISNUMBER(KB17),KB17^2,"") | KJ13: =IF(ISNUMBER(KC17),KC17^2,"") | KK13: =SUM(KE13:KJ13) -> 5.2104992e-06 | KL13: y= | KM13: =KF18*KM12^2+KH18*KM12+KJ18 -> 0.30703251 | KN13: =IF(ISNUMBER(AN12),LOOKUP(AN12,Tara!$A$6:$A$185,Tara!$B$6:$B$185),"") | KO13: =IF(ISNUMBER(AO12),LOOKUP(AO12,Tara!$A$6:$A$185,Tara!$B$6:$B$185),"") | KP13: =IF(ISNUMBER(AP12),LOOKUP(AP12,Tara!$A$6:$A$185,Tara!$B$6:$B$185),"") | KQ13: =IF(ISNUMBER(AQ12),LOOKUP(AQ12,Tara!$A$6:$A$185,Tara!$B$6:$B$185),"") | KR13: =IF(ISNUMBER(AR12),LOOKUP(AR12,Tara!$A$6:$A$185,Tara!$B$6:$B$185),"") | KS13: =IF(ISNUMBER(AN16),LOOKUP(AN16,Tara!$E$6:$E$185,Tara!$F$6:$F$185),"") | KT13: =IF(ISNUMBER(AO16),LOOKUP(AO16,Tara!$E$6:$E$185,Tara!$F$6:$F$185),"") | KU13: =IF(ISNUMBER(AP16),LOOKUP(AP16,Tara!$E$6:$E$185,Tara!$F$6:$F$185),"") | KV13: =IF(ISNUMBER(AQ16),LOOKUP(AQ16,Tara!$E$6:$E$185,Tara!$F$6:$F$185),"") | KW13: =IF(ISNUMBER(AR16),LOOKUP(AR16,Tara!$E$6:$E$185,Tara!$F$6:$F$185),"") | KY13: =IF(AX17<>"",AX17,"") | KZ13: =IF(BA17<>"",BA17,"") | LA13: =IF(ISNUMBER(AT16),LOOKUP(AT16,Tara!$C$6:$C$185,Tara!$D$6:$D$185),"") -> 26.16 | LB13: =IF(ISNUMBER(AW16),LOOKUP(AW16,Tara!$C$6:$C$185,Tara!$D$6:$D$185),"") -> 26.16 | LC13: =IF(BG16<>"",BG16,"") -> 2000 | LD13: =IF(BH16<>"",BH16,"") -> 100 | LE13: =IF(AZ16<>"",AZ16,"") -> 0 | LF13: =IF(BA16<>"",BA16,"") -> 0 | LG13: =IF(BB16<>"",BB16,"") -> 0 | LH13: =IF(BC16<>"",BC16,"") -> 0 | LI13: =IF(BD16<>"",BD16,"") -> 730.63 | LJ13: =IF(BE16<>"",BE16,"") -> 156.24 | LK13: =IF(BF16<>"",BF16,"") -> 136.85 | LL13: =IF(BI16<>"",BI16,"") -> 9.45 | LM13: =IF(BK16<>"",BK16,"") -> 55.49 | LN13: =IF(LM16="","",IF(AND(LE16>=93%,LE16<=100%,LI16>=23%,LI16<=72%,LJ16>20%,LJ16<=60%,LK16>=10%,LK16<=45%,LL16>=6%,LL16<=22%,LM16>=0%,LM16<=10%),"Faixa A")) -> FALSE | LO13: =IF(LM16="","",IF(AND(LG16>=93%,LG16<=100%,LJ16>=50%,LJ16<=100%,LK16>=35%,LK16<=100%,LL16>=18%,LL16<=52%,LM16>=4%,LM16<=22%),"Faixa E")) -> Faixa E | LR13: FAIXA | MF13: Dados da Amostra | MI13: Granulometria | MS13: Limites Físicos | MZ13: Laboratorio | ND13: Campo | NG13: Ensaioe de ISC/EXP
B14: Posição : | D14: Data | G14: Completa | H14: X | I14: Peso Bruto Úmido | P14: 189 | Q14: 190 | T14: =IF(U14="","",2) -> 2 | U14: 57 | Z14: 1 | AA14: 1 | AB14: 1 | AC14: 1.16 | AD14: 55 | AE14: 87 | AF14: 100 | AG14: 115 | AH14: 135 | AI14: 180 | AJ14: 230 | AK14: 340 | AM14: Cápsula+solo seco | AT14: Nº | AU14: Solo Úm + Tara | AV14: Solo Seco + Tara | AW14: Nº | AX14: Solo Úm + Tara | AY14: Solo Seco + Tara | AZ14: 2" | BA14: 1 ½" | BB14: 1" | BC14: ¾" | BD14: 3/8" | BE14: 4 | BF14: 10 | BG14: Total Úmido | BH14: Amostra Úmida | BI14: 40 | BJ14: 100 | BK14: 200 | BN14: Peso do Solo Seco | BO14: =IF(ISNUMBER(J13),J15-BO13,"") | BP14: =IF(ISNUMBER(K13),K15-BP13,"") | BQ14: =IF(ISNUMBER(L13),L15-BQ13,"") | BR14: =IF(ISNUMBER(M13),M15-BR13,"") | BS14: =IF(ISNUMBER(N13),N15-BS13,"") | BT14: =IF(ISNUMBER(O13),O15-BT13,"") | BU14: =IF(ISNUMBER(P13),P15-BU13,"") -> 162.85 | BV14: =IF(ISNUMBER(Q13),Q15-BV13,"") -> 165.75 | BX14: Vol do Cilindro | BY14: =IF(ISNUMBER(J17),LOOKUP(J17,Tara!$G$6:$G$185,Tara!$I$6:$I$185),"") -> 2082 | BZ14: =IF(ISNUMBER(K17),LOOKUP(K17,Tara!$G$6:$G$185,Tara!$I$6:$I$185),"") -> 2075 | CA14: =IF(ISNUMBER(L17),LOOKUP(L17,Tara!$G$6:$G$185,Tara!$I$6:$I$185),"") -> 2054 | CB14: =IF(ISNUMBER(M17),LOOKUP(M17,Tara!$G$6:$G$185,Tara!$I$6:$I$185),"") -> 2061 | CC14: =IF(ISNUMBER(N17),LOOKUP(N17,Tara!$G$6:$G$185,Tara!$I$6:$I$185),"") -> 2082 | CD14: =IF(ISNUMBER(O17),LOOKUP(O17,Tara!$G$6:$G$185,Tara!$I$6:$I$185),"") | CE14: =IF(ISNUMBER(CE12),CE12^2,"") -> 0.00050778936 | CF14: =IF(ISNUMBER(CF12),CF12^2,"") -> 0.0014235803 | CG14: =IF(ISNUMBER(CG12),CG12^2,"") -> 0.0028012192 | CH14: =IF(ISNUMBER(CH12),CH12^2,"") -> 0.004640706 | CI14: =IF(ISNUMBER(CI12),CI12^2,"") -> 0.0069420406 | CJ14: =IF(ISNUMBER(CJ12),CJ12^2,"") | CK14: =AVERAGE(CE14:CJ14) -> 0.0032630671 | CL14: =IF(ISERROR(CE16*CE16),"",CE15*CE16) -> 4.4290543 | CM14: =IF(ISERROR(CF16*CF16),"",CF15*CF16) -> 0.61191598 | CN14: =IF(ISERROR(CG16*CG16),"",CG15*CG16) -> 0 | CO14: =IF(ISERROR(CH16*CH16),"",CH15*CH16) -> 1.1717064 | CP14: =IF(ISERROR(CI16*CI16),"",CI15*CI16) -> -0.69581452 | CQ14: =IF(ISERROR(CJ16*CJ16),"",CJ15*CJ16) | CR14: =SUM(CL14:CQ14) -> 5.5168622 | CU14: =IF(ISNUMBER(R13),R15-CU13,"") | CV14: =IF(ISNUMBER(S13),S15-CV13,"") | CX14: =IF(CX13<>"",CX12^2,"") | CY14: =IF(CY13<>"",CY12^2,"") | CZ14: =IF(CZ13<>"",CZ12^2,"") | DA14: =IF(DA13<>"",DA12^2,"") | DB14: =IF(DB13<>"",DB12^2,"") | DC14: =IF(DC13<>"",DC12^2,"") | DD14: =IF(DD13<>"",DD12^2,"") | DE14: =IF(DE13<>"",DE12^2,"") | DF14: =IF(CX14<>"",AVERAGE(CX14:DE14),"") | DG14: =IF(ISERROR(CX16*CX17),"",CX16*CX17) | DH14: =IF(ISERROR(CY16*CY17),"",CY16*CY17) | DI14: =IF(ISERROR(CZ16*CZ17),"",CZ16*CZ17) | DJ14: =IF(ISERROR(DA16*DA17),"",DA16*DA17) | DK14: =IF(ISERROR(DB16*DB17),"",DB16*DB17) | DL14: =IF(ISERROR(DC16*DC17),"",DC16*DC17) | DM14: =IF(ISERROR(DD16*DD17),"",DD16*DD17) | DN14: =IF(ISERROR(DE16*DE17),"",DE16*DE17) | DO14: =IF(DG14<>"",SUM(DG14:DN14),"") | DP14: 0 | DQ14: 0.63 | DR14: 1.27 | DS14: 1.9 | DT14: 2.54 | DU14: 3.81 | DV14: 5.08 | DW14: 6.35 | DX14: 7.62 | DY14: =IF(DY13<>"",DY12^2,"") -> 0.3969 | DZ14: =IF(DZ13<>"",DZ12^2,"") -> 1.6129 | EA14: =IF(EA13<>"",EA12^2,"") -> 3.61 | EB14: =IF(EB13<>"",EB12^2,"") -> 6.4516 | EC14: =IF(EC13<>"",EC12^2,"") -> 14.5161 | ED14: =IF(ED13<>"",ED12^2,"") -> 25.8064 | EE14: =IF(EE13<>"",EE12^2,"") -> 40.3225 | EF14: =IF(EF13<>"",EF12^2,"") -> 58.0644 | EG14: =IF(DY14<>"",AVERAGE(DY14:EF14),"") -> 18.8476 | EH14: =IF(ISERROR(DY16*DY17),"",DY16*DY17) -> 184.96827 | EI14: =IF(ISERROR(DZ16*DZ17),"",DZ16*DZ17) -> 117.62683 | EJ14: =IF(ISERROR(EA16*EA17),"",EA16*EA17) -> 84.18774 | EK14: =IF(ISERROR(EB16*EB17),"",EB16*EB17) -> 49.8939 | EL14: =IF(ISERROR(EC16*EC17),"",EC16*EC17) -> 8.7712875 | EM14: =IF(ISERROR(ED16*ED17),"",ED16*ED17) -> 17.22303 | EN14: =IF(ISERROR(EE16*EE17),"",EE16*EE17) -> 160.52488 | EO14: =IF(ISERROR(EF16*EF17),"",EF16*EF17) -> 724.53038 | EP14: =IF(EH14<>"",SUM(EH14:EO14),"") -> 1347.7263 | EQ14: 0 | ER14: 0.63 | ES14: 1.27 | ET14: 1.9 | EU14: 2.54 | EV14: 3.81 | EW14: 5.08 | EX14: 6.35 | EY14: 7.62 | EZ14: =IF(EZ13<>"",EZ12^2,"") -> 0.3969 | FA14: =IF(FA13<>"",FA12^2,"") -> 1.6129 | FB14: =IF(FB13<>"",FB12^2,"") -> 3.61 | FC14: =IF(FC13<>"",FC12^2,"") -> 6.4516 | FD14: =IF(FD13<>"",FD12^2,"") -> 14.5161 | FE14: =IF(FE13<>"",FE12^2,"") -> 25.8064 | FF14: =IF(FF13<>"",FF12^2,"") -> 40.3225 | FG14: =IF(FG13<>"",FG12^2,"") -> 58.0644 | FH14: =IF(EZ14<>"",AVERAGE(EZ14:FG14),"") -> 18.8476 | FI14: =IF(ISERROR(EZ16*EZ17),"",EZ16*EZ17) -> 1326.1441 | FJ14: =IF(ISERROR(FA16*FA17),"",FA16*FA17) -> 790.64186 | FK14: =IF(ISERROR(FB16*FB17),"",FB16*FB17) -> 356.1789 | FL14: =IF(ISERROR(FC16*FC17),"",FC16*FC17) -> 60.4305 | FM14: =IF(ISERROR(FD16*FD17),"",FD16*FD17) -> -63.348188 | FN14: =IF(ISERROR(FE16*FE17),"",FE16*FE17) -> 188.75745 | FO14: =IF(ISERROR(FF16*FF17),"",FF16*FF17) -> 883.15526 | FP14: =IF(ISERROR(FG16*FG17),"",FG16*FG17) -> 2475.5605 | FQ14: =IF(FI14<>"",SUM(FI14:FP14),"") -> 6017.5203 | FR14: 0 | FS14: 0.63 | FT14: 1.27 | FU14: 1.9 | FV14: 2.54 | FW14: 3.81 | FX14: 5.08 | FY14: 6.35 | FZ14: 7.62 | GA14: =IF(GA13<>"",GA12^2,"") -> 0.3969 | GB14: =IF(GB13<>"",GB12^2,"") -> 1.6129 | GC14: =IF(GC13<>"",GC12^2,"") -> 3.61 | GD14: =IF(GD13<>"",GD12^2,"") -> 6.4516 | GE14: =IF(GE13<>"",GE12^2,"") -> 14.5161 | GF14: =IF(GF13<>"",GF12^2,"") -> 25.8064 | GG14: =IF(GG13<>"",GG12^2,"") -> 40.3225 | GH14: =IF(GH13<>"",GH12^2,"") -> 58.0644 | GI14: =IF(GA14<>"",AVERAGE(GA14:GH14),"") -> 18.8476 | GJ14: =IF(ISERROR(GA16*GA17),"",GA16*GA17) -> 192.57918 | GK14: =IF(ISERROR(GB16*GB17),"",GB16*GB17) -> 154.03513 | GL14: =IF(ISERROR(GC16*GC17),"",GC16*GC17) -> 98.09205 | GM14: =IF(ISERROR(GD16*GD17),"",GD16*GD17) -> 55.00725 | GN14: =IF(ISERROR(GE16*GE17),"",GE16*GE17) -> -0.27071875 | GO14: =IF(ISERROR(GF16*GF17),"",GF16*GF17) -> 35.228925 | GP14: =IF(ISERROR(GG16*GG17),"",GG16*GG17) -> 194.61628 | GQ14: =IF(ISERROR(GH16*GH17),"",GH16*GH17) -> 629.91985 | GR14: =IF(GJ14<>"",SUM(GJ14:GQ14),"") -> 1359.2079 | GS14: 0 | GT14: 0.63 | GU14: 1.27 | GV14: 1.9 | GW14: 2.54 | GX14: 3.81 | GY14: 5.08 | GZ14: 6.35 | HA14: 7.62 | HB14: =IF(HB13<>"",HB12^2,"") | HC14: =IF(HC13<>"",HC12^2,"") | HD14: =IF(HD13<>"",HD12^2,"") | HE14: =IF(HE13<>"",HE12^2,"") | HF14: =IF(HF13<>"",HF12^2,"") | HG14: =IF(HG13<>"",HG12^2,"") | HH14: =IF(HH13<>"",HH12^2,"") | HI14: =IF(HI13<>"",HI12^2,"") | HJ14: =IF(HB14<>"",AVERAGE(HB14:HI14),"") | HK14: =IF(ISERROR(HB16*HB17),"",HB16*HB17) | HL14: =IF(ISERROR(HC16*HC17),"",HC16*HC17) | HM14: =IF(ISERROR(HD16*HD17),"",HD16*HD17) | HN14: =IF(ISERROR(HE16*HE17),"",HE16*HE17) | HO14: =IF(ISERROR(HF16*HF17),"",HF16*HF17) | HP14: =IF(ISERROR(HG16*HG17),"",HG16*HG17) | HQ14: =IF(ISERROR(HH16*HH17),"",HH16*HH17) | HR14: =IF(ISERROR(HI16*HI17),"",HI16*HI17) | HS14: =IF(HK14<>"",SUM(HK14:HR14),"") | HT14: 0 | HU14: 0.63 | HV14: 1.27 | HW14: 1.9 | HX14: 2.54 | HY14: 3.81 | HZ14: 5.08 | IA14: 6.35 | IB14: 7.62 | IC14: =IF(IC13<>"",IC12^2,"") | ID14: =IF(ID13<>"",ID12^2,"") | IE14: =IF(IE13<>"",IE12^2,"") | IF14: =IF(IF13<>"",IF12^2,"") | IG14: =IF(IG13<>"",IG12^2,"") | IH14: =IF(IH13<>"",IH12^2,"") | II14: =IF(II13<>"",II12^2,"") | IJ14: =IF(IJ13<>"",IJ12^2,"") | IK14: =IF(IC14<>"",AVERAGE(IC14:IJ14),"") | IL14: =IF(ISERROR(IC16*IC17),"",IC16*IC17) | IM14: =IF(ISERROR(ID16*ID17),"",ID16*ID17) | IN14: =IF(ISERROR(IE16*IE17),"",IE16*IE17) | IO14: =IF(ISERROR(IF16*IF17),"",IF16*IF17) | IP14: =IF(ISERROR(IG16*IG17),"",IG16*IG17) | IQ14: =IF(ISERROR(IH16*IH17),"",IH16*IH17) | IR14: =IF(ISERROR(II16*II17),"",II16*II17) | IS14: =IF(ISERROR(IJ16*IJ17),"",IJ16*IJ17) | IT14: =IF(IL14<>"",SUM(IL14:IS14),"") | IU14: 0 | IV14: 0.63 | IW14: 1.27 | IX14: 1.9 | IY14: 2.54 | IZ14: 3.81 | JA14: 5.08 | JB14: 6.35 | JC14: 7.62 | JD14: =IF(T15<>"",T15,"") -> 3 | JE14: =IF(ISNUMBER(JE12),JE12^2,"") | JF14: =IF(ISNUMBER(JF12),JF12^2,"") -> 0.0014235803 | JG14: =IF(ISNUMBER(JG12),JG12^2,"") -> 0.0028012192 | JH14: =IF(ISNUMBER(JH12),JH12^2,"") -> 0.004640706 | JI14: =IF(ISNUMBER(JI12),JI12^2,"") | JJ14: =IF(ISNUMBER(JJ12),JJ12^2,"") | JK14: =AVERAGE(JE14:JJ14) -> 0.0029551685 | JL14: =IF(ISERROR(JE16*JE16),"",JE15*JE16) | JM14: =IF(ISERROR(JF16*JF16),"",JF15*JF16) -> 0.52145525 | JN14: =IF(ISERROR(JG16*JG16),"",JG15*JG16) -> 0 | JO14: =IF(ISERROR(JH16*JH16),"",JH15*JH16) -> -0.51322155 | JP14: =IF(ISERROR(JI16*JI16),"",JI15*JI16) | JQ14: =IF(ISERROR(JJ16*JJ16),"",JJ15*JJ16) | JR14: =SUM(JL14:JQ14) -> 0.0082337001 | JU14: =IF(T15<>0,LOOKUP(T15,Tara!$G$6:$G$185,Tara!$J$6:$J$185)/10,"") -> 11.5 | JV14: =IF(ISNUMBER(U15),MAX(Z15:AC15)-MIN(Z15:AC15),"") -> 0.35 | JW14: =IF(JV14<>"",JV14/JU14/10,"") -> 0.0030434783 | JX14: =IF(ISNUMBER(JX12),JX12^2,"") | JY14: =IF(ISNUMBER(JY12),JY12^2,"") -> 0.0014235803 | JZ14: =IF(ISNUMBER(JZ12),JZ12^2,"") -> 0.0028012192 | KA14: =IF(ISNUMBER(KA12),KA12^2,"") -> 0.004640706 | KB14: =IF(ISNUMBER(KB12),KB12^2,"") | KC14: =IF(ISNUMBER(KC12),KC12^2,"") | KD14: =AVERAGE(JX14:KC14) -> 0.0029551685 | KE14: =IF(ISERROR(JX16*JX16),"",JX15*JX16) | KF14: =IF(ISERROR(JY16*JY16),"",JY15*JY16) -> 0.77870958 | KG14: =IF(ISERROR(JZ16*JZ16),"",JZ15*JZ16) -> 0 | KH14: =IF(ISERROR(KA16*KA16),"",KA15*KA16) -> -0.78016302 | KI14: =IF(ISERROR(KB16*KB16),"",KB15*KB16) | KJ14: =IF(ISERROR(KC16*KC16),"",KC15*KC16) | KK14: =SUM(KE14:KJ14) -> -0.0014534428 | KN14: =IF(ISNUMBER(AN14),AN14-KN13,"") | KO14: =IF(ISNUMBER(AO14),AO14-KO13,"") | KP14: =IF(ISNUMBER(AP14),AP14-KP13,"") | KQ14: =IF(ISNUMBER(AQ14),AQ14-KQ13,"") | KR14: =IF(ISNUMBER(AR14),AR14-KR13,"") | KS14: =IF(ISNUMBER(AN18),AN18-KS13,"") | KT14: =IF(ISNUMBER(AO18),AO18-KT13,"") | KU14: =IF(ISNUMBER(AP18),AP18-KU13,"") | KV14: =IF(ISNUMBER(AQ18),AQ18-KV13,"") | KW14: =IF(ISNUMBER(AR18),AR18-KW13,"") | KX14: IP | KY14: =IF(AX18<>"",AX18,"") | KZ14: =IF(BA18<>"",BA18,"") | LA14: =IF(ISNUMBER(AV16),AV16-LA13,"") -> -25.16 | LB14: =IF(ISNUMBER(AY16),AY16-LB13,"") -> -25.16 | LC14: =IF(LC13<>"",SUM(LE13:LK13),"") -> 1023.72 | LD14: =IF(LC13<>"",LC16+LC14,"") -> 2000 | LE14: =IF(LC13="","",IF(LE13=0,IF(LD14>0,LD14,""),IF(LE13>0,LD14-LE13,""))) -> 2000 | LF14: =IF($LC13="","",LE14-LF13) -> 2000 | LG14: =IF($LC13="","",LF14-LG13) -> 2000 | LH14: =IF($LC13="","",LG14-LH13) -> 2000 | LI14: =IF($LC13="","",LH14-LI13) -> 1269.37 | LJ14: =IF($LC13="","",LI14-LJ13) -> 1113.13 | LK14: =IF($LC13="","",LJ14-LK13) -> 976.28 | LL14: =IF(LD13<>"",LD15-LL13,"") -> 90.55 | LM14: =IF(LD13<>"",LL14-LM13,"") -> 35.06 | LN14: =IF(LM16="","",IF(AND(LE16>=93%,LE16<=100%,LG16>=68%,LG16<=97%,LI16>=33%,LI16<=82%,LJ16>=25%,LJ16<=65%,LK16>=15%,LK16<=50%,LL16>=13%,LL16<=32%,LM16>=3%,LM16<=17%),"Faixa B")) -> FALSE | LO14: =IF(LM16="","",IF(AND(LG16>=93%,LG16<=100%,LJ16>=65%,LJ16<=100%,LK16>=50%,LK16<=100%,LL16>=28%,LL16<=72%,LM16>=6%,LM16<=27%),"Faixa F")) -> FALSE | LR14: =IF(LL16>70%,"",IF(LM16="","",IF(LO16>0,LO16,IF(LQ16>0,LQ16)))) -> D | MF14: EST: | MG14: POS: | MH14: DATA: | MI14: 2`` | MJ14: 1 1/2`` | MK14: 1`` | ML14: 3/4`` | MM14: 3/8`` | MN14: 4 | MO14: 10 | MP14: 40 | MQ14: 200 | MR14: 270 | MS14: LL | MT14: I.P. | MU14: E.A . | MV14: I.G. | MW14: H.R.B. | MX14: SUCS | MY14: FAIXA | MZ14: UMID. | NA14: DENS. | NB14: ISC | NC14: EXP | ND14: UMID. | NE14: DENS. | NF14: G.C. | NG14: UMID. | NH14: DENS. | NI14: EXP. | NJ14: I.S.C. | NK14: UMID. | NL14: DENS. | NM14: EXP. | NN14: I.S.C. | NO14: UMID. | NP14: DENS. | NQ14: EXP. | NR14: I.S.C. | NS14: UMID. | NT14: DENS. | NU14: EXP. | NV14: I.S.C. | NW14: UMID. | NX14: DENS. | NY14: EXP. | NZ14: I.S.C. | OA14: UMID. | OB14: DENS. | OC14: EXP. | OD14: I.S.C.
